impact_probability,palermo_scale_max,v_infinity_kms,designation,absolute_magnitude,last_observation_jd,last_observation,full_name,torino_scale,palermo_scale_cum,n_potential_impacts,diameter_km,year_range_min,year_range_max
4.935e-09,-8.81,14.32,2020 KU2,25.78,2458992.5,2020-05-23,(2020 KU2),0.0,-8.81,1,0.024,2105,2105
1.3026147e-05,-6.98,4.4387193265975,2022 UU8,27.95,2459882.5,2022-10-30,(2022 UU8),0.0,-6.79,14,0.0087,2106,2121
6.59641e-07,-7.87,7.87382639951125,2005 UC3,27.09,2453685.5,2005-11-11,(2005 UC3),0.0,-7.47,8,0.013,2072,2121
2.93121007e-05,-6.41,12.9780786526501,2011 AY22,27.11,2455573.5,2011-01-12,(2011 AY22),0.0,-5.66,34,0.013,2044,2118
1.466849e-07,-8.49,5.45996797216346,2016 AN66,27.42,2457403.5,2016-01-16,(2016 AN66),0.0,-8.24,3,0.011,2076,2106
2.188e-08,-8.76,8.83,2026 DC11,26.62,2461099.5,2026-02-28,(2026 DC11),0.0,-8.76,1,0.016,2109,2109
7.565e-07,-6.24,9.43,2026 QS2,24.72,2461281.5,2026-08-29,(2026 QS2),0.0,-6.24,1,0.039,2101,2101
7.281061e-07,-5.66,22.1943985306537,2023 RH2,23.91,2460198.5,2023-09-11,(2023 RH2),0.0,-5.58,3,0.0559,2092,2121
2.1284891e-06,-7.97,9.65003545284775,2007 FP3,28.42,2454180.5,2007-03-21,(2007 FP3),0.0,-7.5,27,0.007,2059,2122
8.364e-09,-9.16,7.49,2015 BP513,26.76,2457051.5,2015-01-29,(2015 BP513),0.0,-9.16,1,0.015,2088,2088
1.3078e-06,-8.48,8.56302737421624,2025 XZ3,28.85,2461027.5,2025-12-18,(2025 XZ3),0.0,-8.07,7,0.0058,2084,2117
2.4801067e-05,-5.94,13.3573347513637,2019 JR2,27.05,2458613.5,2019-05-10,(2019 JR2),0.0,-5.77,37,0.013,2079,2122
1.743184e-06,-9.26,2.63018462766983,2020 YS2,31.0,2459221.5,2021-01-07,(2020 YS2),0.0,-9.06,7,0.0021,2092,2119
1.01522e-06,-7.92,9.81157049703513,2020 DQ16,27.82,2458895.5,2020-02-16,(2020 DQ16),0.0,-7.6,9,0.0093,2080,2119
9.271e-07,-6.85,20.6643727753209,2008 BC15,26.59,2454496.5,2008-01-31,(2008 BC15),0.0,-6.62,2,0.016,2072,2094
6.5016974e-05,-5.92,7.85869635858476,2017 RZ15,27.15,2458014.5,2017-09-18,(2017 RZ15),0.0,-5.52,29,0.0129,2070,2122
4.803e-06,-7.03,10.27,2021 HY9,28.09,2459326.5,2021-04-22,(2021 HY9),0.0,-7.03,1,0.0082,2101,2101
3.09793314e-05,-6.06,12.7508470140192,2017 QF3,27.83,2457986.5,2017-08-21,(2017 QF3),0.0,-5.62,69,0.00919,2043,2121
9.0882395e-05,-4.83,16.1892930946637,2020 YN,27.68,2459205.5,2020-12-22,(2020 YN),0.0,-4.83,6,0.0098,2046,2060
7.9679e-08,-7.71,22.2389940887812,2026 OB1,26.05,2461246.5,2026-07-25,(2026 OB1),0.0,-7.44,5,0.021,2088,2123
2.178143e-06,-7.76,10.5420998483571,2024 RH6,28.55,2460559.5,2024-09-06,(2024 RH6),0.0,-7.41,11,0.0066,2066,2089
0.0006105587655,-5.79,5.38926030454967,2021 EL3,28.78,2459288.5,2021-03-15,(2021 EL3),0.0,-5.42,195,0.0059,2088,2122
3.215e-09,-10.02,16.97,2023 SP6,27.98,2460212.5,2023-09-25,(2023 SP6),0.0,-10.02,1,0.0086,2113,2113
1.6037e-08,-9.93,8.0,2026 EW1,28.12,2461112.5,2026-03-13,(2026 EW1),0.0,-9.7,2,0.008,2120,2123
3.17590717e-05,-6.09,7.30211201362035,2010 XN69,26.26,2455546.5,2010-12-16,(2010 XN69),0.0,-5.22,114,0.019,2039,2122
4.6156e-07,-6.28,9.28705433746425,2023 HT4,23.26,2460110.5,2023-06-15,(2023 HT4),0.0,-5.83,5,0.076,2110,2119
2.9410381e-05,-7.55,3.21773541186019,2021 RQ2,29.51,2459464.5,2021-09-07,(2021 RQ2),0.0,-7.1,20,0.0042,2074,2119
2.45e-07,-8.92,6.76,2021 RG6,28.9,2459468.5,2021-09-11,(2021 RG6),0.0,-8.92,1,0.0056,2121,2121
2.553e-07,-6.11,26.74,2024 YH7,24.94,2460673.5,2024-12-29,(2024 YH7),0.0,-6.11,1,0.035,2069,2069
0.011543968326,-3.85,4.47011685866956,2017 WT28,28.08,2458103.5,2017-12-16,(2017 WT28),0.0,-3.83,113,0.0082,2083,2121
3.4697e-06,-6.09,12.4749569127014,2015 KE319,26.58,2457164.5,2015-05-22,(2015 KE319),0.0,-5.96,3,0.0161,2046,2092
4.491797e-06,-5.4,18.1878535517077,2012 BY1,25.78,2455950.5,2012-01-24,(2012 BY1),0.0,-5.24,10,0.024,2043,2074
0.000120939202,-6.41,7.10575668748004,2022 AU,29.09,2459589.5,2022-01-10,(2022 AU),0.0,-6.19,74,0.0052,2084,2118
3.337843e-07,-7.5,16.6708733005117,2019 KY3,26.59,2458635.5,2019-06-01,(2019 KY3),0.0,-7.29,8,0.016,2101,2121
2.363e-08,-9.7,9.64,2026 DT5,28.55,2461095.5,2026-02-24,(2026 DT5),0.0,-9.7,1,0.0066,2125,2125
8.1248302e-06,-8.86,7.87519237042025,2025 SB21,31.33,2460946.5,2025-09-28,(2025 SB21),0.0,-8.4,16,0.00182,2059,2120
9.689e-09,-7.44,17.6490680152751,2015 YV1,23.36,2457400.5,2016-01-13,(2015 YV1),0.0,-7.2,2,0.072,2084,2108
1.5800832e-05,-5.99,18.051552795068,2026 RH10,27.07,2461294.5,2026-09-11,(2026 RH10),0.0,-5.63,25,0.013,2054,2119
5.630941e-06,-8.02,9.35378498194174,2021 XC2,29.75,2459552.5,2021-12-04,(2021 XC2),0.0,-7.7,18,0.0038,2069,2102
2.578348e-06,-5.23,25.2247233655038,1995 CS,25.47,2449755.5,1995-02-07,(1995 CS),0.0,-5.07,14,0.0275,2042,2063
2.3535263e-06,-9.03,6.43942633910656,2020 DP14,30.27,2458896.5,2020-02-17,(2020 DP14),0.0,-8.39,22,0.003,2056,2119
3.1098e-08,-9.77,5.05235577850666,2025 SL22,28.68,2460951.5,2025-10-03,(2025 SL22),0.0,-9.65,2,0.0062,2092,2103
2.506e-10,-11.2,10.85,2013 UJ5,28.01,2456594.5,2013-10-29,(2013 UJ5),0.0,-11.2,1,0.0085,2092,2092
8.8886102e-06,-5.45,18.6415437891517,2020 JK,24.06,2458974.5,2020-05-05,(2020 JK),0.0,-4.59,50,0.0523,2063,2122
2.74310546e-05,-7.72,10.934580338045,2022 SK333,31.87,2459844.5,2022-09-22,(2022 SK333),0.0,-7.53,39,0.0014,2033,2121
1.034586e-06,-6.89,15.022685190018,2026 JB2,26.63,2461162.5,2026-05-02,(2026 JB2),0.0,-6.67,3,0.016,2054,2087
1.762e-08,-8.57,10.87,2020 YE4,26.19,2459209.5,2020-12-26,(2020 YE4),0.0,-8.57,1,0.02,2107,2107
8.3608e-08,-7.78,9.23325136350589,2022 UG,26.25,2459869.5,2022-10-17,(2022 UG),0.0,-7.75,4,0.019,2071,2121
4.247e-07,-8.59,9.61062396986108,2024 WW2,28.39,2460637.5,2024-11-23,(2024 WW2),0.0,-8.33,2,0.0071,2113,2116
5.856515e-05,-6.01,8.80973847928333,2016 EM156,27.94,2457464.5,2016-03-17,(2016 EM156),0.0,-6.0,6,0.0087,2108,2116
7.137e-08,-7.68,8.16,2004 XO63,26.08,2453360.5,2004-12-21,(2004 XO63),0.0,-7.68,1,0.021,2065,2065
1.587e-06,-6.42,15.23,2014 SR223,26.74,2456933.5,2014-10-03,(2014 SR223),0.0,-6.42,1,0.015,2063,2063
8.843e-09,-7.47,26.9,2010 JH80,24.52,2455335.5,2010-05-19,(2010 JH80),0.0,-7.47,1,0.042,2082,2082
3.988e-10,-11.05,9.5,2017 EJ1,27.71,2457821.5,2017-03-09,(2017 EJ1),0.0,-11.05,1,0.0097,2120,2120
7.02105e-06,-6.94,5.45506145092258,2010 GV23,27.64,2455302.5,2010-04-16,(2010 GV23),0.0,-6.88,7,0.01,2096,2121
4.679584e-07,-8.39,9.53620139311528,2018 VP1,30.83,2458438.5,2018-11-16,(2018 VP1),0.0,-7.93,19,0.0023,2026,2107
4.5969e-08,-8.7,10.5463973547391,2023 SU4,27.3,2460225.5,2023-10-08,(2023 SU4),0.0,-8.65,2,0.012,2079,2101
5.124e-08,-8.37,7.05,2026 AS1,26.32,2461058.5,2026-01-18,(2026 AS1),0.0,-8.37,1,0.018,2124,2124
1.4268e-06,-7.82,4.54784482758621,2025 KK,27.6,2460823.5,2025-05-28,(2025 KK),0.0,-7.59,2,0.01,2122,2123
1.221e-07,-7.99,17.79,2026 GQ,27.06,2461146.5,2026-04-16,(2026 GQ),0.0,-7.99,1,0.013,2117,2117
2.54443647e-05,-7.8,3.61638147161128,2014 LJ,28.51,2456838.5,2014-06-30,(2014 LJ),0.0,-6.64,177,0.0067,2060,2122
5.754016e-07,-7.17,17.6771769143499,2011 EL40,26.5,2455634.5,2011-03-14,(2011 EL40),0.0,-7.0,6,0.017,2073,2120
1.70361e-06,-7.54,16.0935752314203,2021 WM4,27.68,2459550.5,2021-12-02,(2021 WM4),0.0,-6.98,9,0.00987,2076,2090
0.0001400277089,-5.36,8.32780476581089,2017 VL2,26.08,2458083.5,2017-11-26,(2017 VL2),0.0,-4.68,118,0.021,2074,2124
1.39062e-05,-4.98,9.43989529849995,2020 HL1,25.26,2458967.5,2020-04-28,(2020 HL1),0.0,-4.86,3,0.03,2055,2066
1.05114141e-05,-5.03,14.6368832852851,2020 FZ46,24.07,2458928.5,2020-03-20,(2020 FZ46),0.0,-4.47,45,0.052,2046,2117
7.8319176e-05,-5.95,5.72892204815842,2013 FU13,27.23,2456420.5,2013-05-08,(2013 FU13),0.0,-5.46,24,0.012,2081,2122
5.028552e-06,-6.77,7.4311925580167,2018 LB,25.99,2458271.5,2018-06-02,(2018 LB),0.0,-6.11,21,0.0214,2075,2119
3.6420157e-06,-8.06,2.41909604288636,2013 CY,28.19,2456365.5,2013-03-14,(2013 CY),0.0,-7.36,19,0.0078,2058,2120
5.454e-08,-8.38,12.07,2014 WR362,27.29,2456988.5,2014-11-27,(2014 WR362),0.0,-8.38,1,0.012,2078,2078
9.9369688e-06,-6.88,9.45769096708847,2026 RW3,27.64,2461292.5,2026-09-09,(2026 RW3),0.0,-6.55,23,0.01,2055,2124
5.3649935e-05,-5.38,6.87082961759413,2021 VA9,26.64,2459546.5,2021-11-28,(2021 VA9),0.0,-5.36,15,0.016,2065,2120
5.1031259e-05,-6.08,8.82582153479694,2026 AJ,27.23,2461052.5,2026-01-12,(2026 AJ),0.0,-5.64,62,0.012,2088,2124
5.057e-08,-9.0,6.72,2012 CS46,27.68,2455972.5,2012-02-15,(2012 CS46),0.0,-9.0,1,0.0099,2116,2116
1.0873e-06,-6.06,14.35,2023 JV,24.59,2460108.5,2023-06-13,(2023 JV),0.0,-5.93,2,0.041,2109,2121
1.6521331e-06,-6.74,9.18781036164701,2002 VY91,26.02,2452612.5,2002-12-04,(2002 VY91),0.0,-6.63,5,0.021,2112,2119
5.422e-10,-9.03,19.79,2014 RT17,24.41,2456919.5,2014-09-19,(2014 RT17),0.0,-9.03,1,0.044,2120,2120
9.87423e-07,-5.67,17.8765610786866,2009 CZ1,24.42,2454867.5,2009-02-05,(2009 CZ1),0.0,-5.44,3,0.044,2058,2111
0.0002144973159,-5.25,20.43497178226,2026 KC1,27.89,2461182.5,2026-05-22,(2026 KC1),0.0,-4.93,28,0.0089,2063,2122
2.869613e-06,-7.3,20.4520360759447,2020 VK,27.76,2459163.5,2020-11-10,(2020 VK),0.0,-6.72,24,0.0095,2064,2097
5.513761e-06,-5.62,11.5899699551722,2024 UU,25.52,2460627.5,2024-11-13,(2024 UU),0.0,-5.62,2,0.027,2088,2110
1.561875e-06,-7.15,11.671576182473,2013 VD17,27.12,2456636.5,2013-12-10,(2013 VD17),0.0,-7.1,4,0.013,2075,2117
1.296e-07,-7.19,21.02,2023 ST2,26.13,2460211.5,2023-09-24,(2023 ST2),0.0,-7.19,1,0.02,2078,2078
0.0010298487279,-4.51,1.67630835714702,2011 BL45,27.13,2455604.5,2011-02-12,(2011 BL45),0.0,-4.31,307,0.013,2050,2122
3.4586483e-05,-5.14,8.72327783429151,2014 UD57,25.82,2456986.5,2014-11-25,(2014 UD57),0.0,-5.07,28,0.023,2076,2121
8.2811e-07,-5.48,20.4030812331695,2020 PQ2,24.26,2459081.5,2020-08-20,(2020 PQ2),0.0,-5.42,3,0.048,2066,2093
2.5288e-07,-9.34,11.1027044052515,2019 SU2,30.05,2458752.5,2019-09-26,(2019 SU2),0.0,-9.2,4,0.0033,2088,2099
5.6011071e-05,-5.42,14.2487095542237,2011 SM173,27.8,2455834.5,2011-09-30,(2011 SM173),0.0,-5.38,14,0.0093,2058,2120
2.480593e-07,-9.06,10.6091076851382,2020 PW2,28.73,2459079.5,2020-08-18,(2020 PW2),0.0,-8.54,10,0.0061,2073,2100
1.7551731e-05,-5.65,4.73944840825101,2018 HW1,25.77,2458250.5,2018-05-12,(2018 HW1),0.0,-5.59,16,0.024,2105,2122
1.7511e-06,-9.25,15.9791662383645,2021 VM96,32.04,2459527.5,2021-11-09,(2021 VM96),0.0,-9.03,2,0.0013,2067,2091
6.61412e-06,-7.5,7.05363043004965,2021 GR,28.17,2459318.5,2021-04-14,(2021 GR),0.0,-7.01,20,0.0079,2077,2121
3.59858e-07,-8.18,15.0048010048408,2014 KW76,28.04,2456809.5,2014-06-01,(2014 KW76),0.0,-8.06,7,0.0084,2096,2122
2.13e-07,-8.61,9.41,2021 RY4,28.4,2459488.5,2021-10-01,(2021 RY4),0.0,-8.61,1,0.0071,2110,2110
1.023834e-05,-5.46,13.0133019415257,2009 FZ10,25.48,2454919.5,2009-03-29,(2009 FZ10),0.0,-5.44,4,0.027,2111,2115
6.389e-09,-10.09,7.86,2022 QA2,28.77,2459817.5,2022-08-26,(2022 QA2),0.0,-10.09,1,0.006,2071,2071
0.000140799651,-5.25,7.13894802487827,2013 GM3,26.21,2456395.5,2013-04-13,(2013 GM3),0.0,-4.53,107,0.019,2034,2126
2.5575678e-06,-7.3,11.6773390429767,2012 BW13,27.23,2455950.5,2012-01-24,(2012 BW13),0.0,-6.85,21,0.012,2072,2120
3.5142e-06,-6.77,7.28781685732172,2019 DG1,26.67,2458558.5,2019-03-16,(2019 DG1),0.0,-6.66,2,0.016,2118,2118
1.9247e-08,-9.93,9.61347326856133,2024 JT3,29.1,2460439.5,2024-05-09,(2024 JT3),0.0,-9.9,2,0.0051,2095,2104
4.905009e-06,-6.91,21.6543676331685,2025 KK1,28.71,2460819.5,2025-05-24,(2025 KK1),0.0,-6.75,6,0.0061,2045,2120
3.3178e-06,-5.55,11.78,2025 DE1,25.08,2460754.5,2025-03-20,(2025 DE1),0.0,-5.46,2,0.033,2067,2078
3.4642238e-05,-6.12,6.26001410070562,2023 HZ5,27.85,2460061.5,2023-04-27,(2023 HZ5),0.0,-6.1,6,0.0091,2069,2113
5.44062323e-05,-5.04,10.3487386356287,2014 JU15,24.72,2456811.5,2014-06-03,(2014 JU15),0.0,-4.27,126,0.039,2071,2121
1.829881e-05,-6.33,8.11842809450451,2026 MY1,27.21,2461229.5,2026-07-08,(2026 MY1),0.0,-6.03,4,0.012,2071,2126
5.78065173e-05,-6.02,6.6782172232853,2009 BF58,27.24,2454887.5,2009-02-25,(2009 BF58),0.0,-5.59,59,0.012,2060,2122
1.387e-06,-7.87,6.49,2025 UE7,28.27,2460979.5,2025-10-31,(2025 UE7),0.0,-7.87,1,0.0075,2120,2120
8.942669e-07,-10.22,10.179698801331,2019 UN13,32.12,2458787.5,2019-10-31,(2019 UN13),0.0,-9.76,4,0.0013,2107,2111
3.0999e-07,-8.73,14.362319107068,2019 JX1,29.13,2458611.5,2019-05-08,(2019 JX1),0.0,-8.61,2,0.0051,2100,2104
2.32324e-06,-8.09,11.6320427936847,2025 DT5,29.31,2460726.5,2025-02-20,(2025 DT5),0.0,-7.63,9,0.00465,2057,2101
0.0003617136367,-5.4,19.0810378551039,2021 XU5,29.27,2459557.5,2021-12-09,(2021 XU5),0.0,-5.1,22,0.0047,2040,2112
1.462073e-06,-10.5,3.96981857951005,2026 JM2,32.67,2461170.5,2026-05-10,(2026 JM2),0.0,-9.79,30,0.00099,2065,2121
4.917e-09,-8.61,14.05,2017 UQ7,25.16,2458080.5,2017-11-23,(2017 UQ7),0.0,-8.61,1,0.031,2122,2122
8.157601e-06,-5.92,12.8319685370736,2009 JL2,25.98,2454964.5,2009-05-13,(2009 JL2),0.0,-5.51,19,0.022,2057,2116
6.703667e-05,-5.22,6.58069620999969,2021 VP8,26.22,2459544.5,2021-11-26,(2021 VP8),0.0,-5.14,16,0.019,2073,2117
3.35755e-06,-6.83,2.34005557623863,2014 WA366,26.6,2457038.5,2015-01-16,(2014 WA366),0.0,-6.76,6,0.016,2104,2121
1.094e-07,-7.98,5.98,2004 WC1,26.2,2453331.5,2004-11-22,(2004 WC1),0.0,-7.98,1,0.019,2117,2117
2.417131e-06,-8.34,7.78402250022858,2018 BX5,28.97,2458145.5,2018-01-27,(2018 BX5),0.0,-7.84,31,0.0054,2087,2122
0.0003166316162,-4.63,2.60005357420148,2018 GR4,27.09,2458284.5,2018-06-15,(2018 GR4),0.0,-4.58,83,0.013,2058,2121
8.1482e-08,-8.69,10.0414867087209,2017 SA21,28.32,2458027.5,2017-10-01,(2017 SA21),0.0,-8.6,3,0.0073,2056,2081
5.9174e-08,-8.51,2.51151400953121,2010 UJ,26.15,2455487.5,2010-10-18,(2010 UJ),0.0,-7.86,7,0.0198,2029,2093
1.011e-06,-4.26,22.34,2006 CM10,21.73,2453791.5,2006-02-25,(2006 CM10),0.0,-4.26,1,0.15,2092,2092
9.479e-07,-7.58,18.11,2024 XE6,28.07,2460650.5,2024-12-06,(2024 XE6),0.0,-7.58,1,0.0082,2117,2117
1.665e-07,-7.04,7.94,2026 DN15,25.0,2461101.5,2026-03-02,(2026 DN15),0.0,-7.04,1,0.034,2094,2094
7.2995278e-05,-7.42,7.45933680203259,2025 FN7,30.73,2460760.5,2025-03-26,(2025 FN7),0.0,-7.22,26,0.0024,2081,2124
2.07834028e-05,-6.29,7.60665376816928,2020 UK2,26.93,2459146.5,2020-10-24,(2020 UK2),0.0,-5.9,13,0.014,2082,2121
0.000390246839,-5.28,13.4228003014523,2022 SD9,28.41,2459853.5,2022-10-01,(2022 SD9),0.0,-5.24,22,0.0071,2100,2122
6.844873e-06,-7.7,13.1465001103746,2020 MQ61,30.15,2459017.5,2020-06-17,(2020 MQ61),0.0,-7.39,8,0.00318,2047,2112
1.534e-07,-7.84,11.3631942633638,2016 UQ36,27.79,2457697.5,2016-11-05,(2016 UQ36),0.0,-7.72,3,0.0094,2041,2050
4.159e-08,-6.09,13.83,2008 KN11,23.27,2454638.5,2008-06-21,(2008 KN11),0.0,-6.09,1,0.075,2046,2046
5.678e-08,-7.85,19.7943078548785,2018 CN,26.41,2458156.5,2018-02-07,(2018 CN),0.0,-7.74,2,0.018,2082,2082
2.22380211e-05,-7.8,5.51648910352009,2020 SN6,28.83,2459122.5,2020-09-30,(2020 SN6),0.0,-6.7,210,0.0058,2044,2125
1.81161e-07,-9.27,8.77034897135697,2023 ET1,29.55,2460023.5,2023-03-20,(2023 ET1),0.0,-9.26,2,0.0042,2109,2111
9.12352e-06,-8.28,8.36905137490793,2020 UX,31.11,2459140.5,2020-10-18,(2020 UX),0.0,-8.19,4,0.002,2087,2109
7.9019982e-05,-5.17,8.73334138648627,2019 AU6,26.58,2458495.5,2019-01-12,(2019 AU6),0.0,-4.89,21,0.016,2064,2115
0.00012366056,-7.51,7.89415868810557,2025 KF2,31.36,2460816.5,2025-05-21,(2025 KF2),0.0,-7.15,25,0.0018,2066,2124
1.003e-05,-6.48,6.05,2018 FE3,27.17,2458221.5,2018-04-13,(2018 FE3),0.0,-6.48,1,0.012,2118,2118
8.38209e-08,-6.99,14.6798518507914,2005 UA1,26.35,2453685.5,2005-11-11,(2005 UA1),0.0,-6.99,2,0.018,2036,2048
2.637124e-05,-7.14,3.15876257240843,2003 YS70,28.84,2453000.5,2003-12-27,(2003 YS70),0.0,-6.85,34,0.0058,2065,2122
3.22407653e-05,-5.84,6.3171881246876,2025 VX,27.07,2460988.5,2025-11-09,(2025 VX),0.0,-5.79,24,0.013,2074,2123
1.045e-07,-6.66,19.4,2021 FT1,24.46,2459298.5,2021-03-25,(2021 FT1),0.0,-6.66,1,0.043,2097,2097
7.61514717e-05,-5.83,10.1157968534967,2004 PU42,26.78,2453231.5,2004-08-14,(2004 PU42),0.0,-5.12,45,0.015,2071,2122
1.69894e-06,-7.92,11.2539205092587,2021 TG14,28.2,2459504.5,2021-10-17,(2021 TG14),0.0,-7.48,28,0.0078,2078,2121
9.103e-07,-6.61,17.7512754037131,2019 YM,25.97,2458838.5,2019-12-21,(2019 YM),0.0,-6.52,2,0.022,2041,2117
3.795476e-07,-7.32,12.3870525436072,2022 AT1,26.18,2459592.5,2022-01-13,(2022 AT1),0.0,-7.26,4,0.02,2122,2122
3.779537e-06,-7.22,6.28589616664687,2017 VV12,27.98,2458074.5,2017-11-17,(2017 VV12),0.0,-7.04,18,0.0086,2062,2121
0.000160637289,-4.68,11.5697024596823,2014 WA201,26.81,2457010.5,2014-12-19,(2014 WA201),0.0,-4.68,12,0.015,2074,2084
6.849e-08,-9.37,8.95853847276975,2020 VT3,28.88,2459168.5,2020-11-15,(2020 VT3),0.0,-9.3,2,0.0057,2100,2100
5.319e-08,-8.8,9.43345929686031,2021 XW5,27.36,2459587.5,2022-01-08,(2021 XW5),0.0,-8.76,2,0.011,2112,2119
5.51801e-06,-5.88,4.48542880494961,2020 LV,25.27,2459023.5,2020-06-23,(2020 LV),0.0,-5.83,6,0.03,2109,2122
2.0794245e-05,-5.34,6.64674621752316,2009 OW6,25.31,2455052.5,2009-08-09,(2009 OW6),0.0,-5.12,15,0.029,2077,2121
0.0005131870215,-5.64,14.4334105087652,2019 SX,29.58,2458746.5,2019-09-20,(2019 SX),0.0,-5.41,103,0.0041,2046,2125
7.858e-08,-7.24,6.83,2011 EC,25.58,2455626.5,2011-03-06,(2011 EC),0.0,-7.24,1,0.026,2051,2051
6.932e-08,-8.1,11.51,2019 QB1,27.49,2458730.5,2019-09-04,(2019 QB1),0.0,-8.1,1,0.011,2053,2053
4.9369e-06,-7.72,8.93978751848326,2025 DB30,29.21,2460740.5,2025-03-06,(2025 DB30),0.0,-7.71,2,0.0049,2120,2123
5.329099e-06,-6.48,8.21159723247776,2021 NM3,26.58,2459408.5,2021-07-13,(2021 NM3),0.0,-6.41,8,0.016,2111,2120
3.877e-09,-8.25,23.42,2020 XP3,24.76,2459195.5,2020-12-12,(2020 XP3),0.0,-8.25,1,0.038,2119,2119
1.06725e-06,-6.3,13.0919910986179,2018 EB4,25.4,2458193.5,2018-03-16,(2018 EB4),0.0,-6.3,2,0.028,2099,2103
2.8382e-07,-7.88,9.52160665210345,2008 EF85,26.68,2454540.5,2008-03-15,(2008 EF85),0.0,-7.66,3,0.016,2110,2119
4.06682831e-05,-4.94,5.36935408173157,2010 KV7,26.04,2455336.5,2010-05-20,(2010 KV7),0.0,-4.66,139,0.021,2034,2122
1.15e-08,-6.54,19.67,2008 GV,23.04,2454562.5,2008-04-06,(2008 GV),0.0,-6.54,1,0.084,2055,2055
1.18487e-06,-7.83,5.6332978301417,2026 LK1,27.87,2461203.5,2026-06-12,(2026 LK1),0.0,-7.74,6,0.009,2092,2116
7.27354e-05,-7.67,2.03345303662316,2018 BC,29.41,2458138.5,2018-01-20,(2018 BC),0.0,-6.67,41,0.0044,2083,2122
7.234e-08,-8.14,9.22,2014 UA176,26.85,2456967.5,2014-11-06,(2014 UA176),0.0,-8.14,1,0.014,2078,2078
1.601e-07,-7.41,11.19,2018 LV3,26.55,2458283.5,2018-06-14,(2018 LV3),0.0,-7.41,1,0.017,2061,2061
0.0050007634436,-4.15,2.98055751195261,2006 JY26,28.35,2453865.5,2006-05-10,(2006 JY26),0.0,-4.14,123,0.0072,2073,2125
0.0001593373699,-6.68,7.52401277015807,2025 UK9,29.8,2460978.5,2025-10-30,(2025 UK9),0.0,-6.33,89,0.0037,2040,2125
2.79351151e-05,-6.36,7.99219302332497,2021 UK20,28.7,2459517.5,2021-10-30,(2021 UK20),0.0,-6.13,78,0.00618,2028,2121
1.321024e-07,-9.29,6.0295880998377,2009 XR1,29.28,2455176.5,2009-12-11,(2009 XR1),0.0,-9.01,18,0.00471,2049,2116
1.0570425e-05,-6.34,11.6712071558145,2015 ET,26.68,2457106.5,2015-03-25,(2015 ET),0.0,-5.88,14,0.016,2076,2120
5.265e-08,-8.21,8.33,2015 TB1,26.35,2457310.5,2015-10-15,(2015 TB1),0.0,-8.21,1,0.018,2100,2100
6.725e-06,-5.96,18.29,2009 HS44,26.55,2454947.5,2009-04-26,(2009 HS44),0.0,-5.96,1,0.017,2111,2111
1.0449e-05,-8.47,18.14,2024 HA,31.79,2460416.5,2024-04-16,(2024 HA),0.0,-8.29,2,0.0015,2112,2112
1.784e-07,-8.11,15.13,2019 JP144,27.53,2458616.5,2019-05-13,(2019 JP144),0.0,-8.11,1,0.011,2113,2113
1.5437364e-05,-5.52,17.0780147063968,2023 XT20,25.78,2460290.5,2023-12-12,(2023 XT20),0.0,-5.26,5,0.024,2076,2111
2.98247e-06,-7.39,6.69302500947201,2020 XF4,27.55,2459199.5,2020-12-16,(2020 XF4),0.0,-7.17,7,0.01,2108,2119
3.148e-07,-7.57,5.22,2024 RY10,26.71,2460566.5,2024-09-13,(2024 RY10),0.0,-7.57,1,0.015,2081,2081
1.9442009e-05,-6.05,11.4626328606267,2012 VS76,26.95,2456247.5,2012-11-16,(2012 VS76),0.0,-5.74,15,0.014,2081,2120
9.122e-07,-7.15,21.8918932251699,2022 WM6,27.78,2459914.5,2022-12-01,(2022 WM6),0.0,-7.07,2,0.0094,2071,2082
6e-08,-9.11,6.58776333333333,2025 OC,27.86,2460873.5,2025-07-17,(2025 OC),0.0,-8.87,2,0.0091,2086,2095
1.04761496e-05,-5.88,10.9102233125804,2023 KZ2,26.2,2460118.5,2023-06-23,(2023 KZ2),0.0,-5.88,3,0.019,2115,2123
6.715292e-07,-8.11,22.6123047396897,2025 JF,28.54,2460798.5,2025-05-03,(2025 JF),0.0,-7.79,6,0.0066,2082,2121
6.161e-06,-5.66,7.99140107125467,2010 UB,24.83,2455491.5,2010-10-22,(2010 UB),0.0,-5.51,4,0.037,2116,2119
7.46588e-06,-7.77,1.70880424008958,2014 WU200,28.82,2457001.5,2014-12-10,(2014 WU200),0.0,-7.46,8,0.0058,2104,2120
3.9454161e-06,-7.68,5.57876860364614,2024 MD,27.92,2460477.5,2024-06-16,(2024 MD),0.0,-7.14,27,0.0088,2068,2124
2.25854e-06,-7.66,6.08697658221683,2014 HB177,28.28,2456782.5,2014-05-05,(2014 HB177),0.0,-7.43,9,0.0075,2059,2126
5.472e-06,-5.31,14.5302850877193,2023 XZ11,25.18,2460291.5,2023-12-13,(2023 XZ11),0.0,-5.29,2,0.031,2075,2078
5.404e-09,-9.86,9.88,2021 CP7,27.74,2459264.5,2021-02-19,(2021 CP7),0.0,-9.86,1,0.0096,2108,2108
8.9252e-06,-6.3,12.5577031327029,2020 TO2,26.51,2459135.5,2020-10-13,(2020 TO2),0.0,-6.03,4,0.017,2119,2121
1.302e-08,-8.75,8.12,2015 ND3,25.99,2457247.5,2015-08-13,(2015 ND3),0.0,-8.75,1,0.021,2120,2120
5.333e-08,-7.88,8.79,2022 VQ,25.47,2459909.5,2022-11-26,(2022 VQ),0.0,-7.88,1,0.027,2122,2122
7.405e-09,-10.9,8.44,2012 BV1,30.98,2455945.5,2012-01-19,(2012 BV1),0.0,-10.9,1,0.0022,2057,2057
2.8280165e-05,-5.87,6.22880680328421,2021 VB,25.81,2459530.5,2021-11-12,(2021 VB),0.0,-5.3,59,0.023,2085,2119
1.06031952e-05,-7.54,7.41447492214423,2016 TH,29.44,2457664.5,2016-10-03,(2016 TH),0.0,-7.31,32,0.0044,2072,2118
3.11794e-06,-6.89,12.4337031501568,2021 TG10,27.71,2459504.5,2021-10-17,(2021 TG10),0.0,-6.84,3,0.00971,2058,2101
5.72482759e-05,-6.55,8.34190525234665,2021 CU1,28.58,2459255.5,2021-02-10,(2021 CU1),0.0,-6.25,43,0.0065,2059,2122
0.000204602914,-6.22,4.25960838319243,2016 CG18,28.5,2457424.5,2016-02-06,(2016 CG18),0.0,-5.73,156,0.0068,2062,2126
1.19727e-05,-5.33,13.6884290928529,2002 VU17,24.76,2452613.5,2002-12-05,(2002 VU17),0.0,-4.89,5,0.038,2084,2099
5.3749336e-06,-6.24,18.2353043129686,2022 YJ5,26.76,2459938.5,2022-12-25,(2022 YJ5),0.0,-6.14,14,0.015,2099,2122
1.8125989e-05,-6.97,14.0475151744823,2011 UC64,27.92,2455858.5,2011-10-24,(2011 UC64),0.0,-6.29,41,0.0088,2084,2121
7.740638e-06,-6.91,11.1412636193554,2022 SW24,28.35,2459851.5,2022-09-29,(2022 SW24),0.0,-6.78,7,0.00729,2077,2114
9.90088e-08,-6.95,12.3834503195676,2005 UL6,24.51,2453696.5,2005-11-22,(2005 UL6),0.0,-6.7,6,0.042,2068,2119
1.39294e-06,-7.86,8.46049255531466,2023 KT,28.3,2460088.5,2023-05-24,(2023 KT),0.0,-7.63,8,0.0074,2072,2116
1.53022898e-05,-7.8,3.89821565920154,2023 CZ2,29.07,2459995.5,2023-02-20,(2023 CZ2),0.0,-7.25,31,0.0052,2096,2121
1.54017e-08,-7.79,16.6709382730478,2025 DS3,25.19,2460738.5,2025-03-04,(2025 DS3),0.0,-7.77,2,0.031,2077,2077
8.13802968e-05,-4.68,13.4376463626513,2010 GM23,24.67,2455299.5,2010-04-13,(2010 GM23),0.0,-4.09,61,0.039,2087,2122
3.597e-08,-7.34,9.63,2018 LF4,24.2,2458308.5,2018-07-09,(2018 LF4),0.0,-7.34,1,0.049,2106,2106
1.4933118e-05,-5.42,8.94412220810148,2009 FJ,24.87,2454938.5,2009-04-17,(2009 FJ),0.0,-5.02,16,0.036,2058,2121
7.3496e-06,-5.74,3.93956569064983,2024 YB,25.54,2460697.5,2025-01-22,(2024 YB),0.0,-5.73,2,0.026,2090,2091
3.1061e-07,-6.61,11.9574624126718,1997 UA11,25.12,2450760.5,1997-11-08,(1997 UA11),0.0,-6.55,2,0.032,2073,2073
4.238e-08,-8.43,9.96,2021 JV,27.4,2459338.5,2021-05-04,(2021 JV),0.0,-8.43,1,0.011,2061,2061
2.107313e-06,-4.63,29.2806127993326,2017 FO63,23.43,2457843.5,2017-03-31,(2017 FO63),0.0,-4.63,3,0.07,2088,2108
1.502e-09,-10.56,5.91,2025 HL1,27.65,2460790.5,2025-04-25,(2025 HL1),0.0,-10.56,1,0.01,2122,2122
2.41220417e-05,-5.64,12.8649149100012,2004 VM24,25.68,2453321.5,2004-11-12,(2004 VM24),0.0,-5.0,44,0.025,2049,2114
6.433e-08,-8.09,7.95,2011 KE15,26.94,2455716.5,2011-06-04,(2011 KE15),0.0,-8.09,1,0.014,2061,2061
4.9247155e-06,-6.91,9.13863552117884,2020 TD7,26.77,2459146.5,2020-10-24,(2020 TD7),0.0,-6.45,13,0.015,2092,2120
0.0006709082165,-4.19,6.08212531297863,2010 UK,26.85,2455501.5,2010-11-01,(2010 UK),0.0,-4.18,48,0.014,2068,2121
4.7261e-07,-8.88,10.4890668839,2025 FV12,30.18,2460761.5,2025-03-27,(2025 FV12),0.0,-8.59,4,0.0031,2052,2057
2.4346995e-06,-8.3,8.58465315534833,2021 JB6,28.78,2459347.5,2021-05-13,(2021 JB6),0.0,-7.78,12,0.0059,2103,2122
2.668605e-06,-8.42,4.22620903056091,2020 KJ4,29.89,2458997.5,2020-05-28,(2020 KJ4),0.0,-8.35,5,0.0036,2066,2121
6.35681e-07,-6.77,14.4846668218808,2026 JH1,25.33,2461178.5,2026-05-18,(2026 JH1),0.0,-6.26,8,0.029,2071,2076
1.67659023e-05,-5.52,9.72008091076613,2025 VJ5,26.36,2460995.5,2025-11-16,(2025 VJ5),0.0,-5.26,22,0.018,2044,2116
4.2531e-07,-8.79,14.1038482753756,2019 DF,29.96,2458540.5,2019-02-26,(2019 DF),0.0,-8.6,9,0.00344,2059,2119
9.9479203e-06,-7.81,10.6397779759052,2022 EF1,28.94,2459641.5,2022-03-03,(2022 EF1),0.0,-6.96,120,0.0055,2040,2122
6.95923e-07,-5.99,9.88400047131651,2005 WG57,23.64,2453734.5,2005-12-30,(2005 WG57),0.0,-5.74,14,0.0631,2082,2123
9.334127e-06,-8.61,8.45123832041282,2023 HO36,30.48,2460052.5,2023-04-18,(2023 HO36),0.0,-8.03,23,0.0027,2082,2123
0.0001868517212,-6.02,9.96220214555883,2025 TQ,28.91,2460951.5,2025-10-03,(2025 TQ),0.0,-5.85,33,0.0056,2086,2107
3.26508676e-05,-7.86,10.707226567419,2016 WT,29.77,2457716.5,2016-11-24,(2016 WT),0.0,-7.03,70,0.0038,2058,2121
8.213274e-06,-5.59,21.3694823063251,2020 OR4,25.64,2459056.5,2020-07-26,(2020 OR4),0.0,-5.29,19,0.025,2093,2121
2.960306e-05,-7.14,6.37179841543408,2024 RP1,29.27,2460563.5,2024-09-10,(2024 RP1),0.0,-6.93,42,0.0047,2094,2124
4.5193e-07,-7.47,11.1431723939548,2020 VA5,27.21,2459168.5,2020-11-15,(2020 VA5),0.0,-7.46,2,0.012,2078,2090
2.0887742e-05,-5.32,14.1885526468107,2013 BL18,25.97,2456324.5,2013-02-01,(2013 BL18),0.0,-5.16,7,0.022,2077,2092
1.4751e-07,-8.56,7.10920615551488,2018 AT2,27.7,2458138.5,2018-01-20,(2018 AT2),0.0,-8.52,2,0.00979,2109,2115
6.8841224e-05,-5.94,4.88198158678875,2022 FP2,28.34,2459672.5,2022-04-03,(2022 FP2),0.0,-5.81,42,0.0073,2054,2121
1.384e-07,-6.94,10.75,2024 TH,24.59,2460592.5,2024-10-09,(2024 TH),0.0,-6.94,1,0.041,2112,2112
1.211e-07,-8.85,15.33,2019 QD,28.76,2458716.5,2019-08-21,(2019 QD),0.0,-8.85,1,0.006,2112,2112
7.568738e-07,-7.49,15.1316708280826,2025 DM2,27.38,2460730.5,2025-02-24,(2025 DM2),0.0,-7.37,5,0.011,2100,2112
9.644743e-07,-7.91,10.7897324708393,2021 VN10,28.12,2459532.5,2021-11-14,(2021 VN10),0.0,-7.58,6,0.00805,2069,2106
9.343472e-06,-8.25,5.51419484320175,2024 WG12,29.34,2460646.5,2024-12-02,(2024 WG12),0.0,-7.56,42,0.0046,2096,2124
6.46013e-05,-4.16,6.85777735122977,2023 TB2,23.84,2460251.5,2023-11-03,(2023 TB2),0.0,-4.06,10,0.058,2102,2123
0.00010780762,-4.96,8.06986708546205,2010 JH110,26.29,2455365.5,2010-06-18,(2010 JH110),0.0,-4.82,5,0.019,2071,2102
2.055321e-06,-7.52,4.60332589410608,2025 SV6,27.18,2460953.5,2025-10-05,(2025 SV6),0.0,-7.22,7,0.012,2110,2125
8.325e-08,-9.5,3.80611771771772,2019 VC,28.82,2458797.5,2019-11-10,(2019 VC),0.0,-9.41,2,0.0058,2117,2120
1.11368e-07,-7.55,9.97988219237124,2024 ES5,25.39,2460395.5,2024-03-26,(2024 ES5),0.0,-7.47,4,0.028,2112,2120
1.843174e-05,-4.92,8.10387450126792,2009 VA,28.6,2455141.5,2009-11-06,(2009 VA),0.0,-4.91,4,0.00644,2026,2043
4.0629e-09,-9.05,22.51176917965,2014 HJ198,26.5,2456774.5,2014-04-27,(2014 HJ198),0.0,-9.02,2,0.017,2106,2111
1.316229e-05,-6.27,10.0604423318435,2024 WU24,27.65,2460643.5,2024-11-29,(2024 WU24),0.0,-6.26,3,0.01,2081,2086
0.000169320156,-6.33,12.9046360658916,2021 DG,30.21,2459263.5,2021-02-18,(2021 DG),0.0,-6.14,9,0.0031,2044,2072
1.08406945e-05,-6.44,12.4665995218295,2026 GD,26.62,2461139.5,2026-04-09,(2026 GD),0.0,-5.99,27,0.016,2087,2126
1.85782e-06,-7.8,11.6321784672358,2014 OP2,29.05,2456869.5,2014-07-31,(2014 OP2),0.0,-7.67,5,0.0052,2071,2119
3.9584776e-06,-8.68,7.15095567270609,2020 FP5,29.73,2458934.5,2020-03-26,(2020 FP5),0.0,-8.09,32,0.0038,2110,2122
2.2595e-06,-6.03,14.35,2019 BU1,26.19,2458523.5,2019-02-09,(2019 BU1),0.0,-6.0,2,0.02,2056,2062
1.3876476e-06,-7.26,17.2643647681155,2019 WF24,27.79,2458813.5,2019-11-26,(2019 WF24),0.0,-7.02,19,0.00939,2061,2117
2.155e-06,-7.54,6.68,2025 MJ91,27.55,2460858.5,2025-07-02,(2025 MJ91),0.0,-7.27,2,0.01,2109,2109
0.00046417581,-5.14,7.47812739358391,2011 EB74,26.94,2455635.5,2011-03-15,(2011 EB74),0.0,-4.26,68,0.0137,2051,2113
0.00026933364,-6.43,3.55190275525924,2020 RJ2,29.23,2459109.5,2020-09-17,(2020 RJ2),0.0,-6.03,47,0.0048,2067,2122
8.993979e-05,-5.73,8.26,2021 VB2,28.31,2459525.5,2021-11-07,(2021 VB2),0.0,-5.73,3,0.0074,2072,2083
6.9114006e-06,-7.7,7.47086844539152,2025 SS5,27.9,2460946.5,2025-09-28,(2025 SS5),0.0,-6.91,44,0.0089,2084,2125
9.78383e-06,-5.13,13.028912491325,2009 TH8,24.86,2455122.5,2009-10-18,(2009 TH8),0.0,-5.07,4,0.036,2097,2100
0.0002375926596,-5.58,2.65758505525816,2021 WV1,28.48,2459555.5,2021-12-07,(2021 WV1),0.0,-5.4,146,0.0068,2048,2121
1.71973e-08,-9.31,8.57250335808528,2012 GD,26.9,2456023.5,2012-04-06,(2012 GD),0.0,-8.95,6,0.014,2060,2118
7.62950874e-05,-6.85,7.63906996146911,2023 JA3,29.69,2460078.5,2023-05-14,(2023 JA3),0.0,-6.59,58,0.0039,2048,2123
4.89328e-07,-8.36,11.7618322270542,2021 NU3,28.61,2459412.5,2021-07-17,(2021 NU3),0.0,-8.18,3,0.0064,2093,2117
1.68e-06,-5.85,13.73,2019 AW2,25.32,2458500.5,2019-01-17,(2019 AW2),0.0,-5.85,1,0.029,2072,2072
2.889726e-05,-6.69,0.998552997758265,2010 VQ98,28.2,2455539.5,2010-12-09,(2010 VQ98),0.0,-6.61,5,0.0078,2109,2121
4.76118539e-05,-5.24,3.80862851234197,2021 TW2,25.69,2459588.5,2022-01-09,(2021 TW2),0.0,-5.09,43,0.025,2079,2121
3.905e-05,-4.51,17.12,2021 TT1,26.23,2459496.5,2021-10-09,(2021 TT1),0.0,-4.51,1,0.019,2048,2048
4.913e-08,-8.75,6.66,2024 YP,27.09,2460668.5,2024-12-24,(2024 YP),0.0,-8.75,1,0.013,2120,2120
2.0736e-07,-8.71,9.14200231481482,2026 FC1,28.01,2461121.5,2026-03-22,(2026 FC1),0.0,-8.29,3,0.0085,2066,2103
8.72363e-06,-7.18,6.81214121873578,2015 YM1,28.36,2457394.5,2016-01-07,(2015 YM1),0.0,-7.0,15,0.0072,2095,2122
1.627109e-06,-5.92,9.0496620939347,2014 FX32,25.07,2456805.5,2014-05-28,(2014 FX32),0.0,-5.92,2,0.033,2076,2108
3.96111598e-05,-7.32,10.8171734948038,2019 GP21,29.75,2458577.5,2019-04-04,(2019 GP21),0.0,-6.77,74,0.0038,2039,2122
2.46628934e-05,-7.8,9.45928685642375,2022 JV,29.58,2459707.5,2022-05-08,(2022 JV),0.0,-7.1,75,0.0041,2092,2122
9.565887e-06,-7.49,10.8374426041202,2018 FQ3,28.55,2458199.5,2018-03-22,(2018 FQ3),0.0,-6.96,14,0.0066,2070,2114
1.8235e-07,-6.46,16.9987606251714,2024 WQ2,24.64,2460639.5,2024-11-25,(2024 WQ2),0.0,-6.32,2,0.04,2064,2068
0.00014794657,-5.19,3.27701357997012,2014 YN,25.71,2457045.5,2015-01-23,(2014 YN),0.0,-4.64,52,0.024,2093,2121
1.13726e-06,-8.38,13.1691490072631,2020 CA,29.59,2458880.5,2020-02-01,(2020 CA),0.0,-8.36,2,0.0041,2116,2116
0.0001146281627,-5.21,12.1515686075722,2011 MX,26.91,2455739.5,2011-06-27,(2011 MX),0.0,-4.89,32,0.014,2059,2092
0.0001031,-5.31,19.52,2010 XB,29.59,2455532.5,2010-12-02,(2010 XB),0.0,-5.31,1,0.0041,2036,2036
1.8347e-06,-7.76,9.78847440998528,2019 TD,29.18,2458763.5,2019-10-07,(2019 TD),0.0,-7.57,2,0.0049,2042,2060
0.00031162074,-4.25,10.6699953411317,2018 TY4,28.12,2458432.5,2018-11-10,(2018 TY4),0.0,-4.25,2,0.008,2033,2060
7.516785e-06,-5.94,15.9541295434152,2018 EE9,26.27,2458203.5,2018-03-26,(2018 EE9),0.0,-5.84,21,0.019,2067,2115
0.0002985044415,-5.85,16.3698085281924,2025 YB4,28.93,2461032.5,2025-12-23,(2025 YB4),0.0,-5.57,35,0.00551,2110,2122
1.653e-07,-7.92,8.84,2021 NB,26.91,2459401.5,2021-07-06,(2021 NB),0.0,-7.92,1,0.014,2092,2092
1.38579e-06,-7.57,12.745120977926,2018 WE,28.33,2458439.5,2018-11-17,(2018 WE),0.0,-7.35,8,0.0073,2057,2113
1.11e-06,-7.68,8.74,2022 CL3,28.13,2459620.5,2022-02-10,(2022 CL3),0.0,-7.68,1,0.008,2093,2093
5.0432e-07,-8.41,6.33493952252538,2024 JT,28.32,2460442.5,2024-05-12,(2024 JT),0.0,-8.28,4,0.0074,2106,2124
7.60913145e-05,-6.07,5.12610303794922,2025 UB,27.34,2460968.5,2025-10-20,(2025 UB),0.0,-5.63,58,0.012,2091,2125
2.1023862e-06,-6.88,15.9309970822678,2020 SY4,27.37,2459120.5,2020-09-28,(2020 SY4),0.0,-6.84,5,0.011,2069,2112
4.175034e-06,-6.43,11.8935189150555,2026 RA4,26.21,2461298.5,2026-09-15,(2026 RA4),0.0,-6.19,11,0.019,2106,2126
1.79295914e-05,-5.18,12.6728426406862,2023 FX13,25.6,2460036.5,2023-04-02,(2023 FX13),0.0,-5.02,13,0.026,2070,2088
1.647837e-06,-7.01,15.7386743895179,2022 GF17,26.66,2459679.5,2022-04-10,(2022 GF17),0.0,-6.72,9,0.016,2076,2122
8.914363e-07,-7.21,16.5926121642118,2015 BY3,27.5,2457045.5,2015-01-23,(2015 BY3),0.0,-6.86,11,0.011,2033,2109
3.862e-07,-7.7,8.19547384774728,2020 YL,26.99,2459207.5,2020-12-24,(2020 YL),0.0,-7.65,2,0.014,2097,2109
6.7715e-07,-8.43,6.92121612641217,2018 BP3,28.75,2458146.5,2018-01-28,(2018 BP3),0.0,-8.36,2,0.006,2099,2115
4.2869239e-05,-5.03,7.88058449696296,2020 KN2,26.32,2459003.5,2020-06-03,(2020 KN2),0.0,-5.01,24,0.018,2063,2121
2.40664e-08,-9.64,4.60017152544627,2020 XX3,28.47,2459201.5,2020-12-18,(2020 XX3),0.0,-9.64,2,0.0068,2086,2094
5.865074e-05,-5.93,12.6078049842167,2025 VK5,28.27,2460995.5,2025-11-16,(2025 VK5),0.0,-5.89,9,0.0075,2088,2117
2.332e-07,-8.33,8.96519425385935,2014 UY57,27.18,2456960.5,2014-10-30,(2014 UY57),0.0,-7.88,6,0.012,2076,2111
3.7463704e-06,-8.33,11.2860915618488,2025 HO,29.34,2460789.5,2025-04-24,(2025 HO),0.0,-7.68,35,0.0046,2056,2124
5.7797e-06,-8.72,6.95548903922349,2024 FQ5,30.98,2460400.5,2024-03-31,(2024 FQ5),0.0,-8.49,5,0.0022,2088,2121
2.8042e-06,-6.4,19.757786177876,2022 JR1,27.36,2459723.5,2022-05-24,(2022 JR1),0.0,-6.37,2,0.011,2065,2067
3.67759e-06,-6.52,21.4508836221547,2021 AH,28.46,2459217.5,2021-01-03,(2021 AH),0.0,-6.46,12,0.0069,2043,2108
2.9773948e-05,-6.41,5.68724240131003,2013 RS43,27.03,2456550.5,2013-09-15,(2013 RS43),0.0,-5.83,67,0.013,2073,2122
1.69525e-07,-8.43,7.14977584427076,2011 WQ4,27.36,2455889.5,2011-11-24,(2011 WQ4),0.0,-8.27,3,0.011,2081,2119
3.24e-05,-5.0,16.92,2020 VB5,27.67,2459168.5,2020-11-15,(2020 VB5),0.0,-5.0,1,0.0099,2037,2037
1.11636973e-05,-6.96,9.41368588953052,2025 WQ10,28.79,2461009.5,2025-11-30,(2025 WQ10),0.0,-6.85,33,0.0059,2067,2125
6.222419e-05,-5.3,10.3802289624019,2020 BK3,26.92,2458898.5,2020-02-19,(2020 BK3),0.0,-5.29,5,0.014,2091,2105
4.0253696e-05,-5.38,6.30238204064541,2018 PZ21,26.67,2458366.5,2018-09-05,(2018 PZ21),0.0,-5.31,25,0.016,2045,2122
1.31241e-07,-7.52,13.9641762863739,2019 NL4,26.07,2458674.5,2019-07-10,(2019 NL4),0.0,-7.39,4,0.021,2074,2120
2.3785e-07,-6.25,16.8860227033845,2009 WQ25,24.03,2455162.5,2009-11-27,(2009 WQ25),0.0,-6.16,2,0.053,2094,2106
7.19702512e-05,-6.11,5.67792982317672,2019 FA,28.74,2458576.5,2019-04-03,(2019 FA),0.0,-5.65,64,0.006,2036,2124
3.071e-08,-8.72,18.61,2020 TG6,29.07,2459139.5,2020-10-17,(2020 TG6),0.0,-8.72,1,0.0052,2039,2039
1.68612e-06,-5.21,26.2738211989657,2006 JE,23.84,2453857.5,2006-05-02,(2006 JE),0.0,-5.03,7,0.0579,2094,2112
8.014752e-06,-8.22,8.76958735965879,2016 TG94,29.65,2457671.5,2016-10-10,(2016 TG94),0.0,-7.67,26,0.004,2096,2121
0.0002845893852,-5.87,3.93757816992536,2016 NL39,27.57,2457610.5,2016-08-10,(2016 NL39),0.0,-5.09,323,0.01,2055,2122
9.92600059e-05,-6.97,11.1580190961383,2024 UV7,29.25,2460616.5,2024-11-02,(2024 UV7),0.0,-6.31,141,0.0048,2093,2124
1.0444e-07,-7.98,10.9554844887016,2015 HO182,26.43,2457134.5,2015-04-22,(2015 HO182),0.0,-7.65,3,0.0177,2063,2109
4.669e-10,-5.69,22.145703576783,2011 KF36,20.44,2455713.5,2011-06-01,(2011 KF36),0.0,-5.43,4,0.275,2026,2031
8.713e-07,-6.64,8.12,2025 QA5,27.74,2460918.5,2025-08-31,(2025 QA5),0.0,-6.64,1,0.0096,2033,2033
1.5205236e-06,-8.01,16.1549463868894,2023 VO1,29.57,2460256.5,2023-11-08,(2023 VO1),0.0,-7.71,19,0.0041,2050,2121
3.5466866e-05,-7.1,7.4765901599538,2022 UW15,30.13,2459881.5,2022-10-29,(2022 UW15),0.0,-6.92,14,0.0032,2057,2086
2.2164162e-05,-5.62,19.4851787168854,2023 XN15,26.7,2460299.5,2023-12-21,(2023 XN15),0.0,-5.36,6,0.015,2087,2096
9.813e-06,-6.61,9.27,2019 NF7,28.1,2458674.5,2019-07-10,(2019 NF7),0.0,-6.61,1,0.0081,2080,2080
2.5383e-06,-5.67,18.6811196470078,2012 LJ,25.61,2456088.5,2012-06-10,(2012 LJ),0.0,-5.67,2,0.026,2069,2072
3.38449076e-05,-4.23,18.5287607051998,2008 UB7,23.84,2454770.5,2008-10-31,(2008 UB7),0.0,-3.61,50,0.058,2044,2101
3.4607794e-05,-7.36,8.93229090880511,2013 YB,31.45,2456649.5,2013-12-23,(2013 YB),0.0,-6.8,17,0.00173,2026,2054
0.00013679128,-5.68,3.24499536659062,2008 ST,27.07,2454738.5,2008-09-29,(2008 ST),0.0,-5.28,64,0.013,2048,2122
7.48338e-07,-8.64,13.2685442407041,2023 LP1,29.64,2460110.5,2023-06-15,(2023 LP1),0.0,-8.24,7,0.004,2064,2075
0.0001399012027,-6.48,7.88267720824247,2022 GA2,29.37,2459675.5,2022-04-06,(2022 GA2),0.0,-6.0,124,0.0045,2049,2116
2.22468e-06,-8.01,13.3069624395419,2021 XX4,28.55,2459558.5,2021-12-10,(2021 XX4),0.0,-7.59,7,0.0066,2105,2120
1.033716e-07,-8.33,13.2818040351509,2023 ET2,30.51,2460018.5,2023-03-15,(2023 ET2),0.0,-8.32,7,0.0027,2028,2087
2.212e-06,-6.91,10.72,2022 UF,27.16,2459875.5,2022-10-23,(2022 UF),0.0,-6.91,1,0.013,2101,2101
1.31964e-06,-7.09,10.7965772483405,2021 XK3,27.21,2459560.5,2021-12-12,(2021 XK3),0.0,-6.81,4,0.012,2046,2062
1.318e-07,-7.34,8.08,2024 WD18,25.16,2460735.5,2025-03-01,(2024 WD18),0.0,-7.34,1,0.032,2119,2119
1.407e-07,-8.3,11.21,2020 UB,27.89,2459141.5,2020-10-19,(2020 UB),0.0,-8.3,1,0.0089,2080,2080
4.034474e-06,-7.25,9.20578454589124,2020 VN6,27.76,2459174.5,2020-11-21,(2020 VN6),0.0,-7.05,7,0.0095,2061,2118
7.7714e-07,-8.13,5.60932483207659,2014 EU,27.72,2456745.5,2014-03-29,(2014 EU),0.0,-7.83,5,0.0097,2083,2121
4.43584e-08,-8.69,7.57913432405136,2021 RO16,26.57,2459501.5,2021-10-14,(2021 RO16),0.0,-8.45,6,0.016,2095,2119
5.83135e-06,-6.68,6.16583641866806,2018 JL1,26.73,2458254.5,2018-05-16,(2018 JL1),0.0,-6.48,6,0.015,2112,2122
1.008e-10,-10.6,6.05,2024 MH1,25.48,2460646.5,2024-12-02,(2024 MH1),0.0,-10.6,1,0.027,2104,2104
5.228e-06,-6.4,8.04,2015 QS8,26.54,2457260.5,2015-08-26,(2015 QS8),0.0,-6.4,1,0.017,2116,2116
2.348e-08,-7.91,11.4,2017 KB3,25.07,2457903.5,2017-05-30,(2017 KB3),0.0,-7.91,1,0.033,2110,2110
0.00249074147,-4.99,8.37012798188966,2025 FK14,29.65,2460757.5,2025-03-23,(2025 FK14),0.0,-4.98,14,0.004,2080,2090
8.3329662e-06,-7.59,8.33438518387366,2025 BN6,28.22,2460714.5,2025-02-08,(2025 BN6),0.0,-6.91,30,0.0077,2072,2124
1.341281e-06,-7.63,15.1616341691264,2019 AK12,27.47,2458504.5,2019-01-21,(2019 AK12),0.0,-7.23,6,0.011,2113,2121
0.00017109341,-6.28,8.00035552742797,2021 PA211,29.77,2459432.5,2021-08-06,(2021 PA211),0.0,-6.28,4,0.0038,2089,2104
1.43936e-07,-5.74,17.0202595598044,2020 AO1,23.71,2458859.5,2020-01-11,(2020 AO1),0.0,-5.73,2,0.061,2049,2049
4.96608258e-05,-5.64,12.5815005174964,2018 EV3,27.12,2458190.5,2018-03-13,(2018 EV3),0.0,-5.58,13,0.013,2081,2121
7.588e-09,-9.17,8.94,2021 LL6,26.8,2459384.5,2021-06-19,(2021 LL6),0.0,-9.17,1,0.015,2088,2088
0.000128944797,-5.92,7.57055300106448,2020 UC,27.55,2459139.5,2020-10-17,(2020 UC),0.0,-5.35,96,0.01,2049,2120
4.870503e-06,-9.62,7.01653745003339,2022 AV13,31.79,2459586.5,2022-01-07,(2022 AV13),0.0,-8.84,22,0.0015,2057,2118
0.000513641953,-4.63,2.00879764260611,2023 XE3,27.51,2460345.5,2024-02-05,(2023 XE3),0.0,-4.56,99,0.011,2053,2122
4.707106e-07,-8.73,8.07503253166595,2024 TK13,28.64,2460604.5,2024-10-21,(2024 TK13),0.0,-8.35,11,0.0063,2066,2113
1.2326028e-05,-5.1,17.1459185716599,2022 VE1,24.39,2459909.5,2022-11-26,(2022 VE1),0.0,-4.63,15,0.045,2068,2118
2.648e-07,-6.56,12.96,2008 OO1,24.59,2454705.5,2008-08-27,(2008 OO1),0.0,-6.56,1,0.041,2107,2107
3.846e-08,-9.7,8.33,2007 EK,29.26,2454172.5,2007-03-13,(2007 EK),0.0,-9.7,1,0.0048,2093,2093
4.375e-09,-9.86,10.98,2021 CY,27.7,2459253.5,2021-02-08,(2021 CY),0.0,-9.86,1,0.0098,2100,2100
4.528641e-06,-7.44,14.5534267719609,2026 GR,27.39,2461146.5,2026-04-16,(2026 GR),0.0,-6.7,21,0.011,2116,2126
1.40571885e-05,-7.99,13.6384999912322,2021 CK3,29.87,2459254.5,2021-02-09,(2021 CK3),0.0,-7.25,42,0.0036,2056,2119
5.219722e-07,-6.59,14.3671835434914,2023 TD32,25.6,2460238.5,2023-10-21,(2023 TD32),0.0,-6.28,8,0.026,2049,2067
1.72523682e-05,-5.08,24.9631230027887,2021 YW,25.03,2459587.5,2022-01-08,(2021 YW),0.0,-4.61,32,0.0331,2093,2109
9.393304e-05,-4.46,12.0831049644513,2005 XA8,25.64,2453728.5,2005-12-24,(2005 XA8),0.0,-4.34,38,0.025,2069,2090
8.71562e-07,-8.66,10.0044831692983,2020 BA13,28.83,2458881.5,2020-02-02,(2020 BA13),0.0,-8.1,8,0.0058,2083,2105
0.0004705480248,-5.83,6.87770180441739,2016 NK22,28.94,2457580.5,2016-07-11,(2016 NK22),0.0,-5.6,177,0.0055,2084,2122
1.56348e-05,-7.28,1.30556527745798,2011 UD21,28.48,2455889.5,2011-11-24,(2011 UD21),0.0,-6.97,3,0.0068,2105,2116
2.906e-07,-9.46,7.71,2025 HH,30.77,2460786.5,2025-04-21,(2025 HH),0.0,-9.46,1,0.0024,2079,2079
3.061e-09,-9.89,7.11,2021 VO8,27.04,2459533.5,2021-11-15,(2021 VO8),0.0,-9.89,1,0.013,2114,2114
1.346e-08,-6.17,29.41,2007 PR25,21.86,2454332.5,2007-08-20,(2007 PR25),0.0,-6.17,1,0.14,2118,2118
5.47038e-08,-9.94,2.47025069556411,2017 KJ32,28.87,2457906.5,2017-06-02,(2017 KJ32),0.0,-9.49,5,0.0057,2073,2105
5.2458918e-05,-7.18,5.78474931842857,2017 TB,29.13,2458031.5,2017-10-05,(2017 TB),0.0,-6.53,148,0.0051,2046,2122
3.371205e-06,-6.91,20.9595667216915,2015 VP64,28.31,2457335.5,2015-11-09,(2015 VP64),0.0,-6.9,5,0.0074,2069,2108
1.089743e-06,-6.99,10.5130173536329,2025 DL22,25.63,2460744.5,2025-03-10,(2025 DL22),0.0,-6.55,9,0.025,2099,2124
2.711527e-06,-6.54,8.29414048984207,2023 HT6,26.13,2460068.5,2023-05-04,(2023 HT6),0.0,-6.48,4,0.02,2108,2116
8.337877e-05,-6.75,10.4319483208975,2026 ES1,30.11,2461109.5,2026-03-10,(2026 ES1),0.0,-6.64,11,0.0032,2079,2088
1.345482e-06,-7.8,9.08696537003096,2022 UV10,28.09,2459898.5,2022-11-15,(2022 UV10),0.0,-7.73,5,0.0081,2101,2121
1.7572e-05,-6.23,12.3,2023 SS4,27.06,2460213.5,2023-09-26,(2023 SS4),0.0,-6.0,2,0.013,2117,2120
1.39858276e-05,-5.97,7.56616039268209,2017 AT20,27.11,2457757.5,2017-01-04,(2017 AT20),0.0,-5.6,153,0.013,2028,2122
3.56126e-06,-6.66,9.0965910941633,2021 XK1,26.31,2459588.5,2022-01-09,(2021 XK1),0.0,-6.39,5,0.019,2089,2121
2.3793e-08,-7.94,12.6730088681545,2015 XO129,25.21,2457367.5,2015-12-11,(2015 XO129),0.0,-7.76,3,0.031,2080,2095
3.570163e-06,-6.42,10.9801869690544,2024 WS,26.52,2460645.5,2024-12-01,(2024 WS),0.0,-6.39,7,0.017,2099,2120
3.85589e-07,-6.7,14.347765470488,2022 YP2,24.96,2459961.5,2023-01-17,(2022 YP2),0.0,-6.57,4,0.034,2112,2114
2.101e-05,-4.85,9.05,2007 VE8,25.44,2454420.5,2007-11-16,(2007 VE8),0.0,-4.85,1,0.028,2062,2062
1.5582e-09,-8.36,19.2209973045822,2017 QJ2,26.24,2457985.5,2017-08-20,(2017 QJ2),0.0,-8.35,2,0.019,2033,2045
3.0756532e-06,-6.23,23.0786571262326,2011 WN69,26.17,2455895.5,2011-11-30,(2011 WN69),0.0,-5.99,6,0.02,2086,2109
1.026558e-05,-6.69,20.0185381244898,2021 RS100,28.79,2459466.5,2021-09-09,(2021 RS100),0.0,-6.26,12,0.0059,2035,2070
8.957e-10,-10.62,8.66,2012 XL134,27.84,2456275.5,2012-12-14,(2012 XL134),0.0,-10.62,1,0.0092,2089,2089
3.0141487e-06,-6.48,15.2486059702363,2014 SR261,26.81,2456933.5,2014-10-03,(2014 SR261),0.0,-6.27,15,0.015,2058,2117
7.107784e-07,-6.97,23.9808105578335,2025 BE4,26.48,2460701.5,2025-01-26,(2025 BE4),0.0,-6.65,12,0.017,2089,2124
9.57587935e-05,-6.48,3.3301503602382,2021 UX1,29.25,2459517.5,2021-10-30,(2021 UX1),0.0,-6.06,103,0.0048,2034,2121
4.962e-07,-6.66,22.1,2024 RE16,27.17,2460565.5,2024-09-12,(2024 RE16),0.0,-6.66,1,0.012,2046,2046
0.0001203297828,-5.78,15.5694051293592,2022 KK2,28.45,2459722.5,2022-05-23,(2022 KK2),0.0,-5.58,33,0.0069,2060,2122
8.19871e-06,-7.16,6.3640394769421,2022 VF,27.86,2459903.5,2022-11-20,(2022 VF),0.0,-6.81,22,0.0091,2090,2121
0.0001234440396,-6.33,6.4809966572335,2017 DG16,29.44,2457807.5,2017-02-23,(2017 DG16),0.0,-6.27,27,0.0044,2077,2115
3.2757e-08,-8.73,10.800638336844,2009 EJ1,28.25,2454893.5,2009-03-03,(2009 EJ1),0.0,-8.71,4,0.0076,2042,2121
4.47498e-07,-7.36,7.37176622018422,2006 AU3,26.31,2453745.5,2006-01-10,(2006 AU3),0.0,-7.3,4,0.019,2078,2109
2.4231194e-05,-5.97,10.2270580508744,2018 BN6,26.76,2458162.5,2018-02-13,(2018 BN6),0.0,-5.68,40,0.015,2077,2122
2.875e-07,-7.03,8.22,2025 DJ5,25.23,2460792.5,2025-04-27,(2025 DJ5),0.0,-7.03,1,0.03,2117,2117
5.659e-08,-7.78,13.0,2006 BB9,25.68,2453767.5,2006-02-01,(2006 BB9),0.0,-7.78,1,0.025,2113,2113
7.76027876e-05,-6.78,1.79631891148714,2019 NX5,29.12,2458675.5,2019-07-11,(2019 NX5),0.0,-6.45,121,0.0051,2069,2122
2.39e-08,-9.44,13.16,2019 LD42,28.68,2458641.5,2019-06-07,(2019 LD42),0.0,-9.44,1,0.0062,2087,2087
0.00019014346,-4.24,8.77006707672197,2011 DU9,26.68,2455631.5,2011-03-11,(2011 DU9),0.0,-4.23,6,0.016,2041,2059
0.00032780094,-5.92,1.74246308964215,2025 SH6,28.84,2460968.5,2025-10-20,(2025 SH6),0.0,-5.79,25,0.0058,2103,2125
4.6542e-06,-6.43,6.3137359804048,2020 WZ3,26.19,2459251.5,2021-02-06,(2020 WZ3),0.0,-6.33,4,0.02,2107,2121
5.543e-09,-9.9,6.87,2026 QC3,27.98,2461278.5,2026-08-26,(2026 QC3),0.0,-9.9,1,0.0086,2083,2083
2.086011e-06,-7.02,8.00562459641872,2025 XK,26.31,2461058.5,2026-01-18,(2025 XK),0.0,-6.5,14,0.019,2072,2097
9.5921e-08,-7.03,19.0435734614944,2013 RR43,25.4,2456559.5,2013-09-24,(2013 RR43),0.0,-6.74,5,0.028,2039,2091
2.1896852e-06,-7.6,6.91412789929804,2023 EG1,27.43,2460031.5,2023-03-28,(2023 EG1),0.0,-7.16,14,0.011,2068,2116
2.626955e-05,-6.93,8.87005102866246,2007 TX22,28.38,2454384.5,2007-10-11,(2007 TX22),0.0,-6.22,17,0.00714,2040,2079
9.571e-09,-8.4,17.98,2026 AZ2,27.15,2461054.5,2026-01-14,(2026 AZ2),0.0,-8.4,1,0.013,2043,2043
1.3722e-07,-9.08,7.15852062381577,2025 QO,28.29,2460908.5,2025-08-21,(2025 QO),0.0,-8.83,2,0.0074,2109,2115
6.7143e-07,-6.9,10.9398856172646,2017 KQ27,25.8,2457909.5,2017-06-05,(2017 KQ27),0.0,-6.82,2,0.023,2080,2117
1.7440268e-06,-7.56,10.8393890621406,2006 DO62,28.34,2453790.5,2006-02-24,(2006 DO62),0.0,-7.27,10,0.0073,2053,2088
1.324e-08,-8.34,14.37,2023 BQ2,26.55,2459975.5,2023-01-31,(2023 BQ2),0.0,-8.34,1,0.017,2057,2057
0.000127483041,-6.09,11.2867147855376,2018 BL11,28.28,2458143.5,2018-01-25,(2018 BL11),0.0,-5.72,31,0.0075,2102,2125
1.4637114e-05,-7.91,8.71853562389416,2024 TL2,30.74,2460588.5,2024-10-05,(2024 TL2),0.0,-7.74,11,0.0024,2078,2121
1.88e-06,-4.98,8.42,2005 CC37,22.68,2453437.5,2005-03-08,(2005 CC37),0.0,-4.98,1,0.098,2117,2117
1.122472e-05,-6.16,19.6767067151786,2023 VZ,26.94,2460258.5,2023-11-10,(2023 VZ),0.0,-5.84,7,0.014,2097,2108
1.39748e-06,-9.5,8.59796061482096,2020 ME63,31.87,2459023.5,2020-06-23,(2020 ME63),0.0,-9.34,4,0.0014,2056,2119
3.0102e-06,-6.45,7.82810577370274,2020 MP1,26.06,2459025.5,2020-06-25,(2020 MP1),0.0,-6.36,2,0.021,2105,2105
1.882e-07,-8.53,11.4,1994 XM1,28.16,2449695.5,1994-12-09,(1994 XM1),0.0,-8.53,1,0.0079,2117,2117
1.332e-08,-8.81,16.44,2024 VA2,26.63,2460622.5,2024-11-08,(2024 VA2),0.0,-8.81,1,0.016,2123,2123
2.84e-08,-8.9,26.08,2022 BD1,29.24,2459605.5,2022-01-26,(2022 BD1),0.0,-8.9,1,0.0048,2051,2051
1.4012e-07,-9.34,10.4563859548958,2025 RP3,29.7,2460933.5,2025-09-15,(2025 RP3),0.0,-9.25,2,0.0039,2083,2089
3.22812e-06,-7.27,8.55968693852769,2026 RW37,28.33,2461298.5,2026-09-15,(2026 RW37),0.0,-6.97,7,0.0073,2046,2065
1.961721e-05,-3.77,10.0649726184305,2007 KE4,25.21,2454246.5,2007-05-26,(2007 KE4),0.0,-3.76,3,0.031,2029,2096
4.486e-08,-8.47,3.3,2018 WS,26.41,2458451.5,2018-11-29,(2018 WS),0.0,-8.47,1,0.018,2106,2106
1.3893e-07,-8.95,5.27638379039804,2024 RK13,28.37,2460569.5,2024-09-16,(2024 RK13),0.0,-8.78,2,0.0072,2075,2119
1.17333184e-05,-7.36,5.36628438498694,2010 RM80,27.92,2455458.5,2010-09-19,(2010 RM80),0.0,-6.78,36,0.0088,2102,2124
7.546509e-07,-5.26,17.1284527468264,2026 MP1,22.74,2461217.5,2026-06-26,(2026 MP1),0.0,-4.95,5,0.096,2058,2094
0.000598845885,-4.1,7.93020931437143,2020 KD3,26.44,2459165.5,2020-11-12,(2020 KD3),0.0,-4.1,21,0.017,2083,2104
2.06610398e-05,-5.41,16.4650870027364,2008 YO2,25.21,2454822.5,2008-12-22,(2008 YO2),0.0,-4.84,56,0.0309,2052,2120
5.606e-09,-6.9,16.9,2001 UD5,22.35,2452224.5,2001-11-11,(2001 UD5),0.0,-6.9,1,0.11,2083,2083
6.549e-08,-7.73,7.56,2008 JQ,25.49,2454601.5,2008-05-15,(2008 JQ),0.0,-7.73,1,0.027,2101,2101
6.034e-09,-9.37,9.02,2017 MA3,26.73,2457931.5,2017-06-27,(2017 MA3),0.0,-9.37,1,0.015,2110,2110
4.9964e-06,-5.36,6.14930870226563,367943,24.1,2456344.5,2013-02-21,367943 Duende (2012 DA14),0.0,-5.32,2,0.051,2116,2122
1.518e-07,-7.19,10.21,2026 CT2,25.4,2461097.5,2026-02-26,(2026 CT2),0.0,-7.19,1,0.028,2093,2093
1.723571e-05,-6.71,7.67246721486959,2021 XZ5,28.36,2459561.5,2021-12-13,(2021 XZ5),0.0,-6.53,5,0.0072,2067,2111
6.683694e-07,-8.09,15.5923943346299,2016 DY30,30.52,2457445.5,2016-02-27,(2016 DY30),0.0,-8.08,6,0.0027,2036,2118
5.229931e-06,-4.22,31.8004502200889,2019 LU1,24.24,2458642.5,2019-06-08,(2019 LU1),0.0,-4.2,7,0.048,2056,2070
0.0003671269628,-4.29,10.0402046898311,2022 YS6,26.84,2459946.5,2023-01-02,(2022 YS6),0.0,-4.28,11,0.015,2065,2078
1.25218e-06,-7.02,13.4535322397738,2021 WZ1,26.68,2459551.5,2021-12-03,(2021 WZ1),0.0,-6.73,7,0.016,2068,2118
3.584e-08,-8.82,6.77,2024 RL3,29.08,2460562.5,2024-09-09,(2024 RL3),0.0,-8.82,1,0.0052,2035,2035
6.27e-07,-7.57,11.71,2026 JA,26.67,2461174.5,2026-05-14,(2026 JA),0.0,-7.3,2,0.016,2119,2124
9.77e-08,-7.83,6.54,2023 RF1,25.82,2460234.5,2023-10-17,(2023 RF1),0.0,-7.83,1,0.023,2118,2118
2.6400751e-06,-8.06,7.99836563020499,2024 SL1,28.92,2460582.5,2024-09-29,(2024 SL1),0.0,-7.87,16,0.0056,2110,2123
2.1505442e-06,-7.72,13.0419822387282,2021 UG2,27.88,2459518.5,2021-10-31,(2021 UG2),0.0,-7.19,12,0.009,2075,2119
1.5112234e-06,-6.45,2.0899985217275,2016 NP56,26.22,2457578.5,2016-07-09,(2016 NP56),0.0,-6.45,2,0.019,2057,2061
3.88774e-08,-9.29,9.07638484055004,2016 DB,28.46,2457435.5,2016-02-17,(2016 DB),0.0,-9.16,3,0.0069,2057,2082
0.0010419558214,-4.82,7.61003643608991,2025 DT1,28.61,2460733.5,2025-02-27,(2025 DT1),0.0,-4.82,40,0.0064,2072,2123
1.19454e-05,-7.92,8.68933246270531,2023 MB3,30.0,2460118.5,2023-06-23,(2023 MB3),0.0,-7.62,3,0.0034,2104,2104
9.008e-08,-9.13,9.4,2023 SR5,28.65,2460206.5,2023-09-19,(2023 SR5),0.0,-9.13,1,0.0063,2115,2115
7.915858e-06,-6.82,9.35,2004 DA53,27.93,2453062.5,2004-02-27,(2004 DA53),0.0,-6.82,4,0.0088,2111,2116
2.77072e-06,-5.99,14.4696754634175,2022 CS,25.94,2459635.5,2022-02-25,(2022 CS),0.0,-5.9,3,0.022,2072,2075
2.56239e-07,-8.18,9.38967065903317,2023 HS,27.64,2460078.5,2023-05-14,(2023 HS),0.0,-8.17,2,0.01,2111,2119
2.647394e-06,-6.59,18.8519643090526,2010 TD,26.86,2455478.5,2010-10-09,(2010 TD),0.0,-6.28,7,0.014,2072,2091
3.6065618e-05,-5.37,15.775917879738,2020 CO2,26.66,2458898.5,2020-02-19,(2020 CO2),0.0,-5.15,39,0.016,2048,2118
6.1046e-07,-7.65,9.0349805065033,2025 HS18,27.36,2460798.5,2025-05-03,(2025 HS18),0.0,-7.57,3,0.011,2090,2110
1.041072e-07,-8.21,15.2045797024605,2016 FA14,27.35,2457483.5,2016-04-05,(2016 FA14),0.0,-8.01,5,0.011,2072,2094
4.109767e-05,-5.74,7.78921827928444,2023 ES1,27.83,2460022.5,2023-03-19,(2023 ES1),0.0,-5.66,9,0.0092,2047,2122
6.284e-07,-7.54,14.1368523233609,2025 FQ7,27.07,2460762.5,2025-03-28,(2025 FQ7),0.0,-7.25,3,0.013,2089,2095
1.695792e-06,-8.36,2.72926480959929,2012 WR10,28.52,2456279.5,2012-12-18,(2012 WR10),0.0,-7.84,14,0.0067,2081,2119
2.4813e-08,-9.35,16.03,2026 DD6,28.68,2461096.5,2026-02-25,(2026 DD6),0.0,-9.31,2,0.0062,2084,2084
6.1134e-09,-6.26,18.7213727222168,2015 HR182,21.02,2457134.5,2015-04-22,(2015 HR182),0.0,-6.18,2,0.21,2072,2087
1.72649e-05,-6.38,9.69286598821887,2023 UR10,29.98,2460239.5,2023-10-22,(2023 UR10),0.0,-6.37,2,0.0034,2030,2032
4.118e-09,-9.32,11.8274575036425,2008 CF22,25.99,2454506.5,2008-02-10,(2008 CF22),0.0,-9.05,2,0.021,2094,2112
2.1603112e-06,-8.77,20.0848065186164,2020 CW,32.53,2458880.5,2020-02-01,(2020 CW),0.0,-8.69,5,0.0011,2046,2077
0.0001584708656,-4.18,7.52859669417367,2000 SB45,24.34,2451816.5,2000-09-29,(2000 SB45),0.0,-3.71,194,0.0459,2067,2118
1.05236e-06,-7.6,4.81879204834847,2022 KC3,26.61,2459877.5,2022-10-25,(2022 KC3),0.0,-7.18,6,0.016,2101,2118
1.4765e-06,-7.8,4.5590172705723,2025 UA,27.48,2460976.5,2025-10-28,(2025 UA),0.0,-7.5,3,0.011,2119,2119
4.8249e-08,-7.84,11.9955238450538,2026 DJ20,24.91,2461098.5,2026-02-27,(2026 DJ20),0.0,-7.51,3,0.035,2112,2118
5.82148302e-05,-5.53,10.5315599458023,2016 CD30,27.66,2457429.5,2016-02-11,(2016 CD30),0.0,-5.5,5,0.0099,2056,2105
1.539e-07,-7.14,8.12,2023 OD1,24.83,2460150.5,2023-07-25,(2023 OD1),0.0,-7.14,1,0.037,2124,2124
1.6049107e-05,-6.29,9.81666415396196,2023 FU6,26.97,2460033.5,2023-03-30,(2023 FU6),0.0,-5.98,16,0.014,2078,2119
8.611e-07,-6.39,21.2019881546859,2010 VO139,26.7,2455514.5,2010-11-14,(2010 VO139),0.0,-6.38,2,0.015,2053,2072
1.5776e-07,-6.93,19.0460027890466,2018 LT5,25.0,2458288.5,2018-06-19,(2018 LT5),0.0,-6.65,3,0.034,2066,2095
2.1937e-08,-8.67,15.1856675935634,2020 HM6,26.62,2458969.5,2020-04-30,(2020 HM6),0.0,-8.39,4,0.016,2071,2099
0.0002199435,-4.45,12.5879472500892,2025 HG,26.63,2460784.5,2025-04-19,(2025 HG),0.0,-4.41,11,0.016,2072,2124
0.0002131608415,-6.23,11.2749218044066,2022 SY24,28.95,2459854.5,2022-10-02,(2022 SY24),0.0,-5.7,124,0.0055,2049,2125
1.556576e-06,-6.95,17.6669755668853,2025 WZ3,26.96,2461008.5,2025-11-29,(2025 WZ3),0.0,-6.78,4,0.014,2106,2112
8.243421e-06,-6.79,21.7775292903274,2024 CR6,27.91,2460355.5,2024-02-15,(2024 CR6),0.0,-6.34,11,0.0089,2091,2101
1.8032116e-05,-7.44,10.0580926237387,2020 PX5,29.57,2459079.5,2020-08-18,(2020 PX5),0.0,-7.25,12,0.0041,2084,2118
3.433381e-05,-6.48,4.21978283505384,2024 QL1,27.54,2460563.5,2024-09-10,(2024 QL1),0.0,-6.18,9,0.011,2104,2120
3.926197e-06,-6.93,9.14938302382687,2013 TV132,26.54,2456598.5,2013-11-02,(2013 TV132),0.0,-6.48,11,0.017,2091,2121
1.358e-06,-8.28,12.9698085419735,2022 QC265,29.57,2459811.5,2022-08-20,(2022 QC265),0.0,-7.98,2,0.00408,2046,2095
1.3878035e-05,-5.95,18.5036476086132,2021 UO1,28.02,2459516.5,2021-10-29,(2021 UO1),0.0,-5.76,27,0.0084,2038,2110
3.436211e-06,-5.53,16.2977163509459,2023 TL3,25.46,2460237.5,2023-10-20,(2023 TL3),0.0,-5.47,4,0.027,2066,2071
0.000157254448,-5.29,9.49614453627411,2018 CM,27.81,2458155.5,2018-02-06,(2018 CM),0.0,-5.2,19,0.0093,2054,2120
1.5243239e-05,-6.36,12.7901445178416,2014 OX3,27.73,2456875.5,2014-08-06,(2014 OX3),0.0,-6.36,9,0.0096,2108,2120
1.505e-07,-9.53,2.31,2025 AG1,29.48,2460681.5,2025-01-06,(2025 AG1),0.0,-9.53,1,0.0043,2125,2125
7.1975703e-05,-6.83,4.77108751851997,2026 HE1,28.19,2461172.5,2026-05-12,(2026 HE1),0.0,-6.15,32,0.0078,2106,2126
0.0001966568032,-6.22,7.29993479746548,2024 HQ,29.36,2460418.5,2024-04-18,(2024 HQ),0.0,-6.02,79,0.0045,2068,2107
4.456399e-06,-5.94,24.1180193492549,2022 SG5,25.96,2459853.5,2022-10-01,(2022 SG5),0.0,-5.71,9,0.022,2090,2116
2.663e-05,-6.42,8.82,2021 EW1,28.24,2459288.5,2021-03-15,(2021 EW1),0.0,-6.42,1,0.0076,2103,2103
0.00029580061,-5.83,11.010019593942,2026 RZ,29.5,2461291.5,2026-09-08,(2026 RZ),0.0,-5.8,7,0.0043,2086,2094
2.89491515e-05,-6.37,10.9513806303787,2013 BR27,27.73,2456324.5,2013-02-01,(2013 BR27),0.0,-5.96,61,0.0096,2067,2112
2.1220212e-05,-5.98,9.76756621375885,2006 UU17,26.41,2454035.5,2006-10-27,(2006 UU17),0.0,-5.63,9,0.018,2099,2119
9.641e-09,-8.22,13.2475396743076,2018 BH1,25.03,2458142.5,2018-01-24,(2018 BH1),0.0,-8.15,2,0.0332,2095,2116
0.00044285809,-3.77,9.73996530175163,2025 DT2,26.64,2460935.5,2025-09-17,(2025 DT2),0.0,-3.77,12,0.016,2044,2071
3.56165e-07,-7.57,8.11895259219744,2017 UL5,26.36,2458057.5,2017-10-31,(2017 UL5),0.0,-7.42,4,0.018,2089,2116
