palermo_scale_max,v_infinity_kms,absolute_magnitude,last_observation_jd,torino_scale,palermo_scale_cum,n_potential_impacts,diameter_km,year_range_min,year_range_max
-8.81,14.32,25.78,2458992.5,0.0,-8.81,1,0.024,2105,2105
-6.98,4.4387193265975,27.95,2459882.5,0.0,-6.79,14,0.0087,2106,2121
-7.87,7.87382639951125,27.09,2453685.5,0.0,-7.47,8,0.013,2072,2121
-6.41,12.9780786526501,27.11,2455573.5,0.0,-5.66,34,0.013,2044,2118
-8.49,5.45996797216346,27.42,2457403.5,0.0,-8.24,3,0.011,2076,2106
-8.76,8.83,26.62,2461099.5,0.0,-8.76,1,0.016,2109,2109
-6.24,9.43,24.72,2461281.5,0.0,-6.24,1,0.039,2101,2101
-5.66,22.1943985306537,23.91,2460198.5,0.0,-5.58,3,0.0559,2092,2121
-7.97,9.65003545284775,28.42,2454180.5,0.0,-7.5,27,0.007,2059,2122
-9.16,7.49,26.76,2457051.5,0.0,-9.16,1,0.015,2088,2088
-8.48,8.56302737421624,28.85,2461027.5,0.0,-8.07,7,0.0058,2084,2117
-5.94,13.3573347513637,27.05,2458613.5,0.0,-5.77,37,0.013,2079,2122
-9.26,2.63018462766983,31.0,2459221.5,0.0,-9.06,7,0.0021,2092,2119
-7.92,9.81157049703513,27.82,2458895.5,0.0,-7.6,9,0.0093,2080,2119
-6.85,20.6643727753209,26.59,2454496.5,0.0,-6.62,2,0.016,2072,2094
-5.92,7.85869635858476,27.15,2458014.5,0.0,-5.52,29,0.0129,2070,2122
-7.03,10.27,28.09,2459326.5,0.0,-7.03,1,0.0082,2101,2101
-6.06,12.7508470140192,27.83,2457986.5,0.0,-5.62,69,0.00919,2043,2121
-4.83,16.1892930946637,27.68,2459205.5,0.0,-4.83,6,0.0098,2046,2060
-7.71,22.2389940887812,26.05,2461246.5,0.0,-7.44,5,0.021,2088,2123
-7.76,10.5420998483571,28.55,2460559.5,0.0,-7.41,11,0.0066,2066,2089
-5.79,5.38926030454967,28.78,2459288.5,0.0,-5.42,195,0.0059,2088,2122
-10.02,16.97,27.98,2460212.5,0.0,-10.02,1,0.0086,2113,2113
-9.93,8.0,28.12,2461112.5,0.0,-9.7,2,0.008,2120,2123
-6.09,7.30211201362035,26.26,2455546.5,0.0,-5.22,114,0.019,2039,2122
-6.28,9.28705433746425,23.26,2460110.5,0.0,-5.83,5,0.076,2110,2119
-7.55,3.21773541186019,29.51,2459464.5,0.0,-7.1,20,0.0042,2074,2119
-8.92,6.76,28.9,2459468.5,0.0,-8.92,1,0.0056,2121,2121
-6.11,26.74,24.94,2460673.5,0.0,-6.11,1,0.035,2069,2069
-3.85,4.47011685866956,28.08,2458103.5,0.0,-3.83,113,0.0082,2083,2121
-6.09,12.4749569127014,26.58,2457164.5,0.0,-5.96,3,0.0161,2046,2092
-5.4,18.1878535517077,25.78,2455950.5,0.0,-5.24,10,0.024,2043,2074
-6.41,7.10575668748004,29.09,2459589.5,0.0,-6.19,74,0.0052,2084,2118
-7.5,16.6708733005117,26.59,2458635.5,0.0,-7.29,8,0.016,2101,2121
-9.7,9.64,28.55,2461095.5,0.0,-9.7,1,0.0066,2125,2125
-8.86,7.87519237042025,31.33,2460946.5,0.0,-8.4,16,0.00182,2059,2120
-7.44,17.6490680152751,23.36,2457400.5,0.0,-7.2,2,0.072,2084,2108
-5.99,18.051552795068,27.07,2461294.5,0.0,-5.63,25,0.013,2054,2119
-8.02,9.35378498194174,29.75,2459552.5,0.0,-7.7,18,0.0038,2069,2102
-5.23,25.2247233655038,25.47,2449755.5,0.0,-5.07,14,0.0275,2042,2063
-9.03,6.43942633910656,30.27,2458896.5,0.0,-8.39,22,0.003,2056,2119
-9.77,5.05235577850666,28.68,2460951.5,0.0,-9.65,2,0.0062,2092,2103
-11.2,10.85,28.01,2456594.5,0.0,-11.2,1,0.0085,2092,2092
-5.45,18.6415437891517,24.06,2458974.5,0.0,-4.59,50,0.0523,2063,2122
-7.72,10.934580338045,31.87,2459844.5,0.0,-7.53,39,0.0014,2033,2121
-6.89,15.022685190018,26.63,2461162.5,0.0,-6.67,3,0.016,2054,2087
-8.57,10.87,26.19,2459209.5,0.0,-8.57,1,0.02,2107,2107
-7.78,9.23325136350589,26.25,2459869.5,0.0,-7.75,4,0.019,2071,2121
-8.59,9.61062396986108,28.39,2460637.5,0.0,-8.33,2,0.0071,2113,2116
-6.01,8.80973847928333,27.94,2457464.5,0.0,-6.0,6,0.0087,2108,2116
-7.68,8.16,26.08,2453360.5,0.0,-7.68,1,0.021,2065,2065
-6.42,15.23,26.74,2456933.5,0.0,-6.42,1,0.015,2063,2063
-7.47,26.9,24.52,2455335.5,0.0,-7.47,1,0.042,2082,2082
-11.05,9.5,27.71,2457821.5,0.0,-11.05,1,0.0097,2120,2120
-6.94,5.45506145092258,27.64,2455302.5,0.0,-6.88,7,0.01,2096,2121
-8.39,9.53620139311528,30.83,2458438.5,0.0,-7.93,19,0.0023,2026,2107
-8.7,10.5463973547391,27.3,2460225.5,0.0,-8.65,2,0.012,2079,2101
-8.37,7.05,26.32,2461058.5,0.0,-8.37,1,0.018,2124,2124
-7.82,4.54784482758621,27.6,2460823.5,0.0,-7.59,2,0.01,2122,2123
-7.99,17.79,27.06,2461146.5,0.0,-7.99,1,0.013,2117,2117
-7.8,3.61638147161128,28.51,2456838.5,0.0,-6.64,177,0.0067,2060,2122
-7.17,17.6771769143499,26.5,2455634.5,0.0,-7.0,6,0.017,2073,2120
-7.54,16.0935752314203,27.68,2459550.5,0.0,-6.98,9,0.00987,2076,2090
-5.36,8.32780476581089,26.08,2458083.5,0.0,-4.68,118,0.021,2074,2124
-4.98,9.43989529849995,25.26,2458967.5,0.0,-4.86,3,0.03,2055,2066
-5.03,14.6368832852851,24.07,2458928.5,0.0,-4.47,45,0.052,2046,2117
-5.95,5.72892204815842,27.23,2456420.5,0.0,-5.46,24,0.012,2081,2122
-6.77,7.4311925580167,25.99,2458271.5,0.0,-6.11,21,0.0214,2075,2119
-8.06,2.41909604288636,28.19,2456365.5,0.0,-7.36,19,0.0078,2058,2120
-8.38,12.07,27.29,2456988.5,0.0,-8.38,1,0.012,2078,2078
-6.88,9.45769096708847,27.64,2461292.5,0.0,-6.55,23,0.01,2055,2124
-5.38,6.87082961759413,26.64,2459546.5,0.0,-5.36,15,0.016,2065,2120
-6.08,8.82582153479694,27.23,2461052.5,0.0,-5.64,62,0.012,2088,2124
-9.0,6.72,27.68,2455972.5,0.0,-9.0,1,0.0099,2116,2116
-6.06,14.35,24.59,2460108.5,0.0,-5.93,2,0.041,2109,2121
-6.74,9.18781036164701,26.02,2452612.5,0.0,-6.63,5,0.021,2112,2119
-9.03,19.79,24.41,2456919.5,0.0,-9.03,1,0.044,2120,2120
-5.67,17.8765610786866,24.42,2454867.5,0.0,-5.44,3,0.044,2058,2111
-5.25,20.43497178226,27.89,2461182.5,0.0,-4.93,28,0.0089,2063,2122
-7.3,20.4520360759447,27.76,2459163.5,0.0,-6.72,24,0.0095,2064,2097
-5.62,11.5899699551722,25.52,2460627.5,0.0,-5.62,2,0.027,2088,2110
-7.15,11.671576182473,27.12,2456636.5,0.0,-7.1,4,0.013,2075,2117
-7.19,21.02,26.13,2460211.5,0.0,-7.19,1,0.02,2078,2078
-4.51,1.67630835714702,27.13,2455604.5,0.0,-4.31,307,0.013,2050,2122
-5.14,8.72327783429151,25.82,2456986.5,0.0,-5.07,28,0.023,2076,2121
-5.48,20.4030812331695,24.26,2459081.5,0.0,-5.42,3,0.048,2066,2093
-9.34,11.1027044052515,30.05,2458752.5,0.0,-9.2,4,0.0033,2088,2099
-5.42,14.2487095542237,27.8,2455834.5,0.0,-5.38,14,0.0093,2058,2120
-9.06,10.6091076851382,28.73,2459079.5,0.0,-8.54,10,0.0061,2073,2100
-5.65,4.73944840825101,25.77,2458250.5,0.0,-5.59,16,0.024,2105,2122
-9.25,15.9791662383645,32.04,2459527.5,0.0,-9.03,2,0.0013,2067,2091
-7.5,7.05363043004965,28.17,2459318.5,0.0,-7.01,20,0.0079,2077,2121
-8.18,15.0048010048408,28.04,2456809.5,0.0,-8.06,7,0.0084,2096,2122
-8.61,9.41,28.4,2459488.5,0.0,-8.61,1,0.0071,2110,2110
-5.46,13.0133019415257,25.48,2454919.5,0.0,-5.44,4,0.027,2111,2115
-10.09,7.86,28.77,2459817.5,0.0,-10.09,1,0.006,2071,2071
-5.25,7.13894802487827,26.21,2456395.5,0.0,-4.53,107,0.019,2034,2126
-7.3,11.6773390429767,27.23,2455950.5,0.0,-6.85,21,0.012,2072,2120
-6.77,7.28781685732172,26.67,2458558.5,0.0,-6.66,2,0.016,2118,2118
-9.93,9.61347326856133,29.1,2460439.5,0.0,-9.9,2,0.0051,2095,2104
-6.91,21.6543676331685,28.71,2460819.5,0.0,-6.75,6,0.0061,2045,2120
-5.55,11.78,25.08,2460754.5,0.0,-5.46,2,0.033,2067,2078
-6.12,6.26001410070562,27.85,2460061.5,0.0,-6.1,6,0.0091,2069,2113
-5.04,10.3487386356287,24.72,2456811.5,0.0,-4.27,126,0.039,2071,2121
-6.33,8.11842809450451,27.21,2461229.5,0.0,-6.03,4,0.012,2071,2126
-6.02,6.6782172232853,27.24,2454887.5,0.0,-5.59,59,0.012,2060,2122
-7.87,6.49,28.27,2460979.5,0.0,-7.87,1,0.0075,2120,2120
-10.22,10.179698801331,32.12,2458787.5,0.0,-9.76,4,0.0013,2107,2111
-8.73,14.362319107068,29.13,2458611.5,0.0,-8.61,2,0.0051,2100,2104
-8.09,11.6320427936847,29.31,2460726.5,0.0,-7.63,9,0.00465,2057,2101
-5.4,19.0810378551039,29.27,2459557.5,0.0,-5.1,22,0.0047,2040,2112
-10.5,3.96981857951005,32.67,2461170.5,0.0,-9.79,30,0.00099,2065,2121
-8.61,14.05,25.16,2458080.5,0.0,-8.61,1,0.031,2122,2122
-5.92,12.8319685370736,25.98,2454964.5,0.0,-5.51,19,0.022,2057,2116
-5.22,6.58069620999969,26.22,2459544.5,0.0,-5.14,16,0.019,2073,2117
-6.83,2.34005557623863,26.6,2457038.5,0.0,-6.76,6,0.016,2104,2121
-7.98,5.98,26.2,2453331.5,0.0,-7.98,1,0.019,2117,2117
-8.34,7.78402250022858,28.97,2458145.5,0.0,-7.84,31,0.0054,2087,2122
-4.63,2.60005357420148,27.09,2458284.5,0.0,-4.58,83,0.013,2058,2121
-8.69,10.0414867087209,28.32,2458027.5,0.0,-8.6,3,0.0073,2056,2081
-8.51,2.51151400953121,26.15,2455487.5,0.0,-7.86,7,0.0198,2029,2093
-4.26,22.34,21.73,2453791.5,0.0,-4.26,1,0.15,2092,2092
-7.58,18.11,28.07,2460650.5,0.0,-7.58,1,0.0082,2117,2117
-7.04,7.94,25.0,2461101.5,0.0,-7.04,1,0.034,2094,2094
-7.42,7.45933680203259,30.73,2460760.5,0.0,-7.22,26,0.0024,2081,2124
-6.29,7.60665376816928,26.93,2459146.5,0.0,-5.9,13,0.014,2082,2121
-5.28,13.4228003014523,28.41,2459853.5,0.0,-5.24,22,0.0071,2100,2122
-7.7,13.1465001103746,30.15,2459017.5,0.0,-7.39,8,0.00318,2047,2112
-7.84,11.3631942633638,27.79,2457697.5,0.0,-7.72,3,0.0094,2041,2050
-6.09,13.83,23.27,2454638.5,0.0,-6.09,1,0.075,2046,2046
-7.85,19.7943078548785,26.41,2458156.5,0.0,-7.74,2,0.018,2082,2082
-7.8,5.51648910352009,28.83,2459122.5,0.0,-6.7,210,0.0058,2044,2125
-9.27,8.77034897135697,29.55,2460023.5,0.0,-9.26,2,0.0042,2109,2111
-8.28,8.36905137490793,31.11,2459140.5,0.0,-8.19,4,0.002,2087,2109
-5.17,8.73334138648627,26.58,2458495.5,0.0,-4.89,21,0.016,2064,2115
-7.51,7.89415868810557,31.36,2460816.5,0.0,-7.15,25,0.0018,2066,2124
-6.48,6.05,27.17,2458221.5,0.0,-6.48,1,0.012,2118,2118
-6.99,14.6798518507914,26.35,2453685.5,0.0,-6.99,2,0.018,2036,2048
-7.14,3.15876257240843,28.84,2453000.5,0.0,-6.85,34,0.0058,2065,2122
-5.84,6.3171881246876,27.07,2460988.5,0.0,-5.79,24,0.013,2074,2123
-6.66,19.4,24.46,2459298.5,0.0,-6.66,1,0.043,2097,2097
-5.83,10.1157968534967,26.78,2453231.5,0.0,-5.12,45,0.015,2071,2122
-7.92,11.2539205092587,28.2,2459504.5,0.0,-7.48,28,0.0078,2078,2121
-6.61,17.7512754037131,25.97,2458838.5,0.0,-6.52,2,0.022,2041,2117
-7.32,12.3870525436072,26.18,2459592.5,0.0,-7.26,4,0.02,2122,2122
-7.22,6.28589616664687,27.98,2458074.5,0.0,-7.04,18,0.0086,2062,2121
-4.68,11.5697024596823,26.81,2457010.5,0.0,-4.68,12,0.015,2074,2084
-9.37,8.95853847276975,28.88,2459168.5,0.0,-9.3,2,0.0057,2100,2100
-8.8,9.43345929686031,27.36,2459587.5,0.0,-8.76,2,0.011,2112,2119
-5.88,4.48542880494961,25.27,2459023.5,0.0,-5.83,6,0.03,2109,2122
-5.34,6.64674621752316,25.31,2455052.5,0.0,-5.12,15,0.029,2077,2121
-5.64,14.4334105087652,29.58,2458746.5,0.0,-5.41,103,0.0041,2046,2125
-7.24,6.83,25.58,2455626.5,0.0,-7.24,1,0.026,2051,2051
-8.1,11.51,27.49,2458730.5,0.0,-8.1,1,0.011,2053,2053
-7.72,8.93978751848326,29.21,2460740.5,0.0,-7.71,2,0.0049,2120,2123
-6.48,8.21159723247776,26.58,2459408.5,0.0,-6.41,8,0.016,2111,2120
-8.25,23.42,24.76,2459195.5,0.0,-8.25,1,0.038,2119,2119
-6.3,13.0919910986179,25.4,2458193.5,0.0,-6.3,2,0.028,2099,2103
-7.88,9.52160665210345,26.68,2454540.5,0.0,-7.66,3,0.016,2110,2119
-4.94,5.36935408173157,26.04,2455336.5,0.0,-4.66,139,0.021,2034,2122
-6.54,19.67,23.04,2454562.5,0.0,-6.54,1,0.084,2055,2055
-7.83,5.6332978301417,27.87,2461203.5,0.0,-7.74,6,0.009,2092,2116
-7.67,2.03345303662316,29.41,2458138.5,0.0,-6.67,41,0.0044,2083,2122
-8.14,9.22,26.85,2456967.5,0.0,-8.14,1,0.014,2078,2078
-7.41,11.19,26.55,2458283.5,0.0,-7.41,1,0.017,2061,2061
-4.15,2.98055751195261,28.35,2453865.5,0.0,-4.14,123,0.0072,2073,2125
-6.68,7.52401277015807,29.8,2460978.5,0.0,-6.33,89,0.0037,2040,2125
-6.36,7.99219302332497,28.7,2459517.5,0.0,-6.13,78,0.00618,2028,2121
-9.29,6.0295880998377,29.28,2455176.5,0.0,-9.01,18,0.00471,2049,2116
-6.34,11.6712071558145,26.68,2457106.5,0.0,-5.88,14,0.016,2076,2120
-8.21,8.33,26.35,2457310.5,0.0,-8.21,1,0.018,2100,2100
-5.96,18.29,26.55,2454947.5,0.0,-5.96,1,0.017,2111,2111
-8.47,18.14,31.79,2460416.5,0.0,-8.29,2,0.0015,2112,2112
-8.11,15.13,27.53,2458616.5,0.0,-8.11,1,0.011,2113,2113
-5.52,17.0780147063968,25.78,2460290.5,0.0,-5.26,5,0.024,2076,2111
-7.39,6.69302500947201,27.55,2459199.5,0.0,-7.17,7,0.01,2108,2119
-7.57,5.22,26.71,2460566.5,0.0,-7.57,1,0.015,2081,2081
-6.05,11.4626328606267,26.95,2456247.5,0.0,-5.74,15,0.014,2081,2120
-7.15,21.8918932251699,27.78,2459914.5,0.0,-7.07,2,0.0094,2071,2082
-9.11,6.58776333333333,27.86,2460873.5,0.0,-8.87,2,0.0091,2086,2095
-5.88,10.9102233125804,26.2,2460118.5,0.0,-5.88,3,0.019,2115,2123
-8.11,22.6123047396897,28.54,2460798.5,0.0,-7.79,6,0.0066,2082,2121
-5.66,7.99140107125467,24.83,2455491.5,0.0,-5.51,4,0.037,2116,2119
-7.77,1.70880424008958,28.82,2457001.5,0.0,-7.46,8,0.0058,2104,2120
-7.68,5.57876860364614,27.92,2460477.5,0.0,-7.14,27,0.0088,2068,2124
-7.66,6.08697658221683,28.28,2456782.5,0.0,-7.43,9,0.0075,2059,2126
-5.31,14.5302850877193,25.18,2460291.5,0.0,-5.29,2,0.031,2075,2078
-9.86,9.88,27.74,2459264.5,0.0,-9.86,1,0.0096,2108,2108
-6.3,12.5577031327029,26.51,2459135.5,0.0,-6.03,4,0.017,2119,2121
-8.75,8.12,25.99,2457247.5,0.0,-8.75,1,0.021,2120,2120
-7.88,8.79,25.47,2459909.5,0.0,-7.88,1,0.027,2122,2122
-10.9,8.44,30.98,2455945.5,0.0,-10.9,1,0.0022,2057,2057
-5.87,6.22880680328421,25.81,2459530.5,0.0,-5.3,59,0.023,2085,2119
-7.54,7.41447492214423,29.44,2457664.5,0.0,-7.31,32,0.0044,2072,2118
-6.89,12.4337031501568,27.71,2459504.5,0.0,-6.84,3,0.00971,2058,2101
-6.55,8.34190525234665,28.58,2459255.5,0.0,-6.25,43,0.0065,2059,2122
-6.22,4.25960838319243,28.5,2457424.5,0.0,-5.73,156,0.0068,2062,2126
-5.33,13.6884290928529,24.76,2452613.5,0.0,-4.89,5,0.038,2084,2099
-6.24,18.2353043129686,26.76,2459938.5,0.0,-6.14,14,0.015,2099,2122
-6.97,14.0475151744823,27.92,2455858.5,0.0,-6.29,41,0.0088,2084,2121
-6.91,11.1412636193554,28.35,2459851.5,0.0,-6.78,7,0.00729,2077,2114
-6.95,12.3834503195676,24.51,2453696.5,0.0,-6.7,6,0.042,2068,2119
-7.86,8.46049255531466,28.3,2460088.5,0.0,-7.63,8,0.0074,2072,2116
-7.8,3.89821565920154,29.07,2459995.5,0.0,-7.25,31,0.0052,2096,2121
-7.79,16.6709382730478,25.19,2460738.5,0.0,-7.77,2,0.031,2077,2077
-4.68,13.4376463626513,24.67,2455299.5,0.0,-4.09,61,0.039,2087,2122
-7.34,9.63,24.2,2458308.5,0.0,-7.34,1,0.049,2106,2106
-5.42,8.94412220810148,24.87,2454938.5,0.0,-5.02,16,0.036,2058,2121
-5.74,3.93956569064983,25.54,2460697.5,0.0,-5.73,2,0.026,2090,2091
-6.61,11.9574624126718,25.12,2450760.5,0.0,-6.55,2,0.032,2073,2073
-8.43,9.96,27.4,2459338.5,0.0,-8.43,1,0.011,2061,2061
-4.63,29.2806127993326,23.43,2457843.5,0.0,-4.63,3,0.07,2088,2108
-10.56,5.91,27.65,2460790.5,0.0,-10.56,1,0.01,2122,2122
-5.64,12.8649149100012,25.68,2453321.5,0.0,-5.0,44,0.025,2049,2114
-8.09,7.95,26.94,2455716.5,0.0,-8.09,1,0.014,2061,2061
-6.91,9.13863552117884,26.77,2459146.5,0.0,-6.45,13,0.015,2092,2120
-4.19,6.08212531297863,26.85,2455501.5,0.0,-4.18,48,0.014,2068,2121
-8.88,10.4890668839,30.18,2460761.5,0.0,-8.59,4,0.0031,2052,2057
-8.3,8.58465315534833,28.78,2459347.5,0.0,-7.78,12,0.0059,2103,2122
-8.42,4.22620903056091,29.89,2458997.5,0.0,-8.35,5,0.0036,2066,2121
-6.77,14.4846668218808,25.33,2461178.5,0.0,-6.26,8,0.029,2071,2076
-5.52,9.72008091076613,26.36,2460995.5,0.0,-5.26,22,0.018,2044,2116
-8.79,14.1038482753756,29.96,2458540.5,0.0,-8.6,9,0.00344,2059,2119
-7.81,10.6397779759052,28.94,2459641.5,0.0,-6.96,120,0.0055,2040,2122
-5.99,9.88400047131651,23.64,2453734.5,0.0,-5.74,14,0.0631,2082,2123
-8.61,8.45123832041282,30.48,2460052.5,0.0,-8.03,23,0.0027,2082,2123
-6.02,9.96220214555883,28.91,2460951.5,0.0,-5.85,33,0.0056,2086,2107
-7.86,10.707226567419,29.77,2457716.5,0.0,-7.03,70,0.0038,2058,2121
-5.59,21.3694823063251,25.64,2459056.5,0.0,-5.29,19,0.025,2093,2121
-7.14,6.37179841543408,29.27,2460563.5,0.0,-6.93,42,0.0047,2094,2124
-7.47,11.1431723939548,27.21,2459168.5,0.0,-7.46,2,0.012,2078,2090
-5.32,14.1885526468107,25.97,2456324.5,0.0,-5.16,7,0.022,2077,2092
-8.56,7.10920615551488,27.7,2458138.5,0.0,-8.52,2,0.00979,2109,2115
-5.94,4.88198158678875,28.34,2459672.5,0.0,-5.81,42,0.0073,2054,2121
-6.94,10.75,24.59,2460592.5,0.0,-6.94,1,0.041,2112,2112
-8.85,15.33,28.76,2458716.5,0.0,-8.85,1,0.006,2112,2112
-7.49,15.1316708280826,27.38,2460730.5,0.0,-7.37,5,0.011,2100,2112
-7.91,10.7897324708393,28.12,2459532.5,0.0,-7.58,6,0.00805,2069,2106
-8.25,5.51419484320175,29.34,2460646.5,0.0,-7.56,42,0.0046,2096,2124
-4.16,6.85777735122977,23.84,2460251.5,0.0,-4.06,10,0.058,2102,2123
-4.96,8.06986708546205,26.29,2455365.5,0.0,-4.82,5,0.019,2071,2102
-7.52,4.60332589410608,27.18,2460953.5,0.0,-7.22,7,0.012,2110,2125
-9.5,3.80611771771772,28.82,2458797.5,0.0,-9.41,2,0.0058,2117,2120
-7.55,9.97988219237124,25.39,2460395.5,0.0,-7.47,4,0.028,2112,2120
-4.92,8.10387450126792,28.6,2455141.5,0.0,-4.91,4,0.00644,2026,2043
-9.05,22.51176917965,26.5,2456774.5,0.0,-9.02,2,0.017,2106,2111
-6.27,10.0604423318435,27.65,2460643.5,0.0,-6.26,3,0.01,2081,2086
-6.33,12.9046360658916,30.21,2459263.5,0.0,-6.14,9,0.0031,2044,2072
-6.44,12.4665995218295,26.62,2461139.5,0.0,-5.99,27,0.016,2087,2126
-7.8,11.6321784672358,29.05,2456869.5,0.0,-7.67,5,0.0052,2071,2119
-8.68,7.15095567270609,29.73,2458934.5,0.0,-8.09,32,0.0038,2110,2122
-6.03,14.35,26.19,2458523.5,0.0,-6.0,2,0.02,2056,2062
-7.26,17.2643647681155,27.79,2458813.5,0.0,-7.02,19,0.00939,2061,2117
-7.54,6.68,27.55,2460858.5,0.0,-7.27,2,0.01,2109,2109
-5.14,7.47812739358391,26.94,2455635.5,0.0,-4.26,68,0.0137,2051,2113
-6.43,3.55190275525924,29.23,2459109.5,0.0,-6.03,47,0.0048,2067,2122
-5.73,8.26,28.31,2459525.5,0.0,-5.73,3,0.0074,2072,2083
-7.7,7.47086844539152,27.9,2460946.5,0.0,-6.91,44,0.0089,2084,2125
-5.13,13.028912491325,24.86,2455122.5,0.0,-5.07,4,0.036,2097,2100
-5.58,2.65758505525816,28.48,2459555.5,0.0,-5.4,146,0.0068,2048,2121
-9.31,8.57250335808528,26.9,2456023.5,0.0,-8.95,6,0.014,2060,2118
-6.85,7.63906996146911,29.69,2460078.5,0.0,-6.59,58,0.0039,2048,2123
-8.36,11.7618322270542,28.61,2459412.5,0.0,-8.18,3,0.0064,2093,2117
-5.85,13.73,25.32,2458500.5,0.0,-5.85,1,0.029,2072,2072
-6.69,0.998552997758265,28.2,2455539.5,0.0,-6.61,5,0.0078,2109,2121
-5.24,3.80862851234197,25.69,2459588.5,0.0,-5.09,43,0.025,2079,2121
-4.51,17.12,26.23,2459496.5,0.0,-4.51,1,0.019,2048,2048
-8.75,6.66,27.09,2460668.5,0.0,-8.75,1,0.013,2120,2120
-8.71,9.14200231481482,28.01,2461121.5,0.0,-8.29,3,0.0085,2066,2103
-7.18,6.81214121873578,28.36,2457394.5,0.0,-7.0,15,0.0072,2095,2122
-5.92,9.0496620939347,25.07,2456805.5,0.0,-5.92,2,0.033,2076,2108
-7.32,10.8171734948038,29.75,2458577.5,0.0,-6.77,74,0.0038,2039,2122
-7.8,9.45928685642375,29.58,2459707.5,0.0,-7.1,75,0.0041,2092,2122
-7.49,10.8374426041202,28.55,2458199.5,0.0,-6.96,14,0.0066,2070,2114
-6.46,16.9987606251714,24.64,2460639.5,0.0,-6.32,2,0.04,2064,2068
-5.19,3.27701357997012,25.71,2457045.5,0.0,-4.64,52,0.024,2093,2121
-8.38,13.1691490072631,29.59,2458880.5,0.0,-8.36,2,0.0041,2116,2116
-5.21,12.1515686075722,26.91,2455739.5,0.0,-4.89,32,0.014,2059,2092
-5.31,19.52,29.59,2455532.5,0.0,-5.31,1,0.0041,2036,2036
-7.76,9.78847440998528,29.18,2458763.5,0.0,-7.57,2,0.0049,2042,2060
-4.25,10.6699953411317,28.12,2458432.5,0.0,-4.25,2,0.008,2033,2060
-5.94,15.9541295434152,26.27,2458203.5,0.0,-5.84,21,0.019,2067,2115
-5.85,16.3698085281924,28.93,2461032.5,0.0,-5.57,35,0.00551,2110,2122
-7.92,8.84,26.91,2459401.5,0.0,-7.92,1,0.014,2092,2092
-7.57,12.745120977926,28.33,2458439.5,0.0,-7.35,8,0.0073,2057,2113
-7.68,8.74,28.13,2459620.5,0.0,-7.68,1,0.008,2093,2093
-8.41,6.33493952252538,28.32,2460442.5,0.0,-8.28,4,0.0074,2106,2124
-6.07,5.12610303794922,27.34,2460968.5,0.0,-5.63,58,0.012,2091,2125
-6.88,15.9309970822678,27.37,2459120.5,0.0,-6.84,5,0.011,2069,2112
-6.43,11.8935189150555,26.21,2461298.5,0.0,-6.19,11,0.019,2106,2126
-5.18,12.6728426406862,25.6,2460036.5,0.0,-5.02,13,0.026,2070,2088
-7.01,15.7386743895179,26.66,2459679.5,0.0,-6.72,9,0.016,2076,2122
-7.21,16.5926121642118,27.5,2457045.5,0.0,-6.86,11,0.011,2033,2109
-7.7,8.19547384774728,26.99,2459207.5,0.0,-7.65,2,0.014,2097,2109
-8.43,6.92121612641217,28.75,2458146.5,0.0,-8.36,2,0.006,2099,2115
-5.03,7.88058449696296,26.32,2459003.5,0.0,-5.01,24,0.018,2063,2121
-9.64,4.60017152544627,28.47,2459201.5,0.0,-9.64,2,0.0068,2086,2094
-5.93,12.6078049842167,28.27,2460995.5,0.0,-5.89,9,0.0075,2088,2117
-8.33,8.96519425385935,27.18,2456960.5,0.0,-7.88,6,0.012,2076,2111
-8.33,11.2860915618488,29.34,2460789.5,0.0,-7.68,35,0.0046,2056,2124
-8.72,6.95548903922349,30.98,2460400.5,0.0,-8.49,5,0.0022,2088,2121
-6.4,19.757786177876,27.36,2459723.5,0.0,-6.37,2,0.011,2065,2067
-6.52,21.4508836221547,28.46,2459217.5,0.0,-6.46,12,0.0069,2043,2108
-6.41,5.68724240131003,27.03,2456550.5,0.0,-5.83,67,0.013,2073,2122
-8.43,7.14977584427076,27.36,2455889.5,0.0,-8.27,3,0.011,2081,2119
-5.0,16.92,27.67,2459168.5,0.0,-5.0,1,0.0099,2037,2037
-6.96,9.41368588953052,28.79,2461009.5,0.0,-6.85,33,0.0059,2067,2125
-5.3,10.3802289624019,26.92,2458898.5,0.0,-5.29,5,0.014,2091,2105
-5.38,6.30238204064541,26.67,2458366.5,0.0,-5.31,25,0.016,2045,2122
-7.52,13.9641762863739,26.07,2458674.5,0.0,-7.39,4,0.021,2074,2120
-6.25,16.8860227033845,24.03,2455162.5,0.0,-6.16,2,0.053,2094,2106
-6.11,5.67792982317672,28.74,2458576.5,0.0,-5.65,64,0.006,2036,2124
-8.72,18.61,29.07,2459139.5,0.0,-8.72,1,0.0052,2039,2039
-5.21,26.2738211989657,23.84,2453857.5,0.0,-5.03,7,0.0579,2094,2112
-8.22,8.76958735965879,29.65,2457671.5,0.0,-7.67,26,0.004,2096,2121
-5.87,3.93757816992536,27.57,2457610.5,0.0,-5.09,323,0.01,2055,2122
-6.97,11.1580190961383,29.25,2460616.5,0.0,-6.31,141,0.0048,2093,2124
-7.98,10.9554844887016,26.43,2457134.5,0.0,-7.65,3,0.0177,2063,2109
-5.69,22.145703576783,20.44,2455713.5,0.0,-5.43,4,0.275,2026,2031
-6.64,8.12,27.74,2460918.5,0.0,-6.64,1,0.0096,2033,2033
-8.01,16.1549463868894,29.57,2460256.5,0.0,-7.71,19,0.0041,2050,2121
-7.1,7.4765901599538,30.13,2459881.5,0.0,-6.92,14,0.0032,2057,2086
-5.62,19.4851787168854,26.7,2460299.5,0.0,-5.36,6,0.015,2087,2096
-6.61,9.27,28.1,2458674.5,0.0,-6.61,1,0.0081,2080,2080
-5.67,18.6811196470078,25.61,2456088.5,0.0,-5.67,2,0.026,2069,2072
-4.23,18.5287607051998,23.84,2454770.5,0.0,-3.61,50,0.058,2044,2101
-7.36,8.93229090880511,31.45,2456649.5,0.0,-6.8,17,0.00173,2026,2054
-5.68,3.24499536659062,27.07,2454738.5,0.0,-5.28,64,0.013,2048,2122
-8.64,13.2685442407041,29.64,2460110.5,0.0,-8.24,7,0.004,2064,2075
-6.48,7.88267720824247,29.37,2459675.5,0.0,-6.0,124,0.0045,2049,2116
-8.01,13.3069624395419,28.55,2459558.5,0.0,-7.59,7,0.0066,2105,2120
-8.33,13.2818040351509,30.51,2460018.5,0.0,-8.32,7,0.0027,2028,2087
-6.91,10.72,27.16,2459875.5,0.0,-6.91,1,0.013,2101,2101
-7.09,10.7965772483405,27.21,2459560.5,0.0,-6.81,4,0.012,2046,2062
-7.34,8.08,25.16,2460735.5,0.0,-7.34,1,0.032,2119,2119
-8.3,11.21,27.89,2459141.5,0.0,-8.3,1,0.0089,2080,2080
-7.25,9.20578454589124,27.76,2459174.5,0.0,-7.05,7,0.0095,2061,2118
-8.13,5.60932483207659,27.72,2456745.5,0.0,-7.83,5,0.0097,2083,2121
-8.69,7.57913432405136,26.57,2459501.5,0.0,-8.45,6,0.016,2095,2119
-6.68,6.16583641866806,26.73,2458254.5,0.0,-6.48,6,0.015,2112,2122
-10.6,6.05,25.48,2460646.5,0.0,-10.6,1,0.027,2104,2104
-6.4,8.04,26.54,2457260.5,0.0,-6.4,1,0.017,2116,2116
-7.91,11.4,25.07,2457903.5,0.0,-7.91,1,0.033,2110,2110
-4.99,8.37012798188966,29.65,2460757.5,0.0,-4.98,14,0.004,2080,2090
-7.59,8.33438518387366,28.22,2460714.5,0.0,-6.91,30,0.0077,2072,2124
-7.63,15.1616341691264,27.47,2458504.5,0.0,-7.23,6,0.011,2113,2121
-6.28,8.00035552742797,29.77,2459432.5,0.0,-6.28,4,0.0038,2089,2104
-5.74,17.0202595598044,23.71,2458859.5,0.0,-5.73,2,0.061,2049,2049
-5.64,12.5815005174964,27.12,2458190.5,0.0,-5.58,13,0.013,2081,2121
-9.17,8.94,26.8,2459384.5,0.0,-9.17,1,0.015,2088,2088
-5.92,7.57055300106448,27.55,2459139.5,0.0,-5.35,96,0.01,2049,2120
-9.62,7.01653745003339,31.79,2459586.5,0.0,-8.84,22,0.0015,2057,2118
-4.63,2.00879764260611,27.51,2460345.5,0.0,-4.56,99,0.011,2053,2122
-8.73,8.07503253166595,28.64,2460604.5,0.0,-8.35,11,0.0063,2066,2113
-5.1,17.1459185716599,24.39,2459909.5,0.0,-4.63,15,0.045,2068,2118
-6.56,12.96,24.59,2454705.5,0.0,-6.56,1,0.041,2107,2107
-9.7,8.33,29.26,2454172.5,0.0,-9.7,1,0.0048,2093,2093
-9.86,10.98,27.7,2459253.5,0.0,-9.86,1,0.0098,2100,2100
-7.44,14.5534267719609,27.39,2461146.5,0.0,-6.7,21,0.011,2116,2126
-7.99,13.6384999912322,29.87,2459254.5,0.0,-7.25,42,0.0036,2056,2119
-6.59,14.3671835434914,25.6,2460238.5,0.0,-6.28,8,0.026,2049,2067
-5.08,24.9631230027887,25.03,2459587.5,0.0,-4.61,32,0.0331,2093,2109
-4.46,12.0831049644513,25.64,2453728.5,0.0,-4.34,38,0.025,2069,2090
-8.66,10.0044831692983,28.83,2458881.5,0.0,-8.1,8,0.0058,2083,2105
-5.83,6.87770180441739,28.94,2457580.5,0.0,-5.6,177,0.0055,2084,2122
-7.28,1.30556527745798,28.48,2455889.5,0.0,-6.97,3,0.0068,2105,2116
-9.46,7.71,30.77,2460786.5,0.0,-9.46,1,0.0024,2079,2079
-9.89,7.11,27.04,2459533.5,0.0,-9.89,1,0.013,2114,2114
-6.17,29.41,21.86,2454332.5,0.0,-6.17,1,0.14,2118,2118
-9.94,2.47025069556411,28.87,2457906.5,0.0,-9.49,5,0.0057,2073,2105
-7.18,5.78474931842857,29.13,2458031.5,0.0,-6.53,148,0.0051,2046,2122
-6.91,20.9595667216915,28.31,2457335.5,0.0,-6.9,5,0.0074,2069,2108
-6.99,10.5130173536329,25.63,2460744.5,0.0,-6.55,9,0.025,2099,2124
-6.54,8.29414048984207,26.13,2460068.5,0.0,-6.48,4,0.02,2108,2116
-6.75,10.4319483208975,30.11,2461109.5,0.0,-6.64,11,0.0032,2079,2088
-7.8,9.08696537003096,28.09,2459898.5,0.0,-7.73,5,0.0081,2101,2121
-6.23,12.3,27.06,2460213.5,0.0,-6.0,2,0.013,2117,2120
-5.97,7.56616039268209,27.11,2457757.5,0.0,-5.6,153,0.013,2028,2122
-6.66,9.0965910941633,26.31,2459588.5,0.0,-6.39,5,0.019,2089,2121
-7.94,12.6730088681545,25.21,2457367.5,0.0,-7.76,3,0.031,2080,2095
-6.42,10.9801869690544,26.52,2460645.5,0.0,-6.39,7,0.017,2099,2120
-6.7,14.347765470488,24.96,2459961.5,0.0,-6.57,4,0.034,2112,2114
-4.85,9.05,25.44,2454420.5,0.0,-4.85,1,0.028,2062,2062
-8.36,19.2209973045822,26.24,2457985.5,0.0,-8.35,2,0.019,2033,2045
-6.23,23.0786571262326,26.17,2455895.5,0.0,-5.99,6,0.02,2086,2109
-6.69,20.0185381244898,28.79,2459466.5,0.0,-6.26,12,0.0059,2035,2070
-10.62,8.66,27.84,2456275.5,0.0,-10.62,1,0.0092,2089,2089
-6.48,15.2486059702363,26.81,2456933.5,0.0,-6.27,15,0.015,2058,2117
-6.97,23.9808105578335,26.48,2460701.5,0.0,-6.65,12,0.017,2089,2124
-6.48,3.3301503602382,29.25,2459517.5,0.0,-6.06,103,0.0048,2034,2121
-6.66,22.1,27.17,2460565.5,0.0,-6.66,1,0.012,2046,2046
-5.78,15.5694051293592,28.45,2459722.5,0.0,-5.58,33,0.0069,2060,2122
-7.16,6.3640394769421,27.86,2459903.5,0.0,-6.81,22,0.0091,2090,2121
-6.33,6.4809966572335,29.44,2457807.5,0.0,-6.27,27,0.0044,2077,2115
-8.73,10.800638336844,28.25,2454893.5,0.0,-8.71,4,0.0076,2042,2121
-7.36,7.37176622018422,26.31,2453745.5,0.0,-7.3,4,0.019,2078,2109
-5.97,10.2270580508744,26.76,2458162.5,0.0,-5.68,40,0.015,2077,2122
-7.03,8.22,25.23,2460792.5,0.0,-7.03,1,0.03,2117,2117
-7.78,13.0,25.68,2453767.5,0.0,-7.78,1,0.025,2113,2113
-6.78,1.79631891148714,29.12,2458675.5,0.0,-6.45,121,0.0051,2069,2122
-9.44,13.16,28.68,2458641.5,0.0,-9.44,1,0.0062,2087,2087
-4.24,8.77006707672197,26.68,2455631.5,0.0,-4.23,6,0.016,2041,2059
-5.92,1.74246308964215,28.84,2460968.5,0.0,-5.79,25,0.0058,2103,2125
-6.43,6.3137359804048,26.19,2459251.5,0.0,-6.33,4,0.02,2107,2121
-9.9,6.87,27.98,2461278.5,0.0,-9.9,1,0.0086,2083,2083
-7.02,8.00562459641872,26.31,2461058.5,0.0,-6.5,14,0.019,2072,2097
-7.03,19.0435734614944,25.4,2456559.5,0.0,-6.74,5,0.028,2039,2091
-7.6,6.91412789929804,27.43,2460031.5,0.0,-7.16,14,0.011,2068,2116
-6.93,8.87005102866246,28.38,2454384.5,0.0,-6.22,17,0.00714,2040,2079
-8.4,17.98,27.15,2461054.5,0.0,-8.4,1,0.013,2043,2043
-9.08,7.15852062381577,28.29,2460908.5,0.0,-8.83,2,0.0074,2109,2115
-6.9,10.9398856172646,25.8,2457909.5,0.0,-6.82,2,0.023,2080,2117
-7.56,10.8393890621406,28.34,2453790.5,0.0,-7.27,10,0.0073,2053,2088
-8.34,14.37,26.55,2459975.5,0.0,-8.34,1,0.017,2057,2057
-6.09,11.2867147855376,28.28,2458143.5,0.0,-5.72,31,0.0075,2102,2125
-7.91,8.71853562389416,30.74,2460588.5,0.0,-7.74,11,0.0024,2078,2121
-4.98,8.42,22.68,2453437.5,0.0,-4.98,1,0.098,2117,2117
-6.16,19.6767067151786,26.94,2460258.5,0.0,-5.84,7,0.014,2097,2108
-9.5,8.59796061482096,31.87,2459023.5,0.0,-9.34,4,0.0014,2056,2119
-6.45,7.82810577370274,26.06,2459025.5,0.0,-6.36,2,0.021,2105,2105
-8.53,11.4,28.16,2449695.5,0.0,-8.53,1,0.0079,2117,2117
-8.81,16.44,26.63,2460622.5,0.0,-8.81,1,0.016,2123,2123
-8.9,26.08,29.24,2459605.5,0.0,-8.9,1,0.0048,2051,2051
-9.34,10.4563859548958,29.7,2460933.5,0.0,-9.25,2,0.0039,2083,2089
-7.27,8.55968693852769,28.33,2461298.5,0.0,-6.97,7,0.0073,2046,2065
-3.77,10.0649726184305,25.21,2454246.5,0.0,-3.76,3,0.031,2029,2096
-8.47,3.3,26.41,2458451.5,0.0,-8.47,1,0.018,2106,2106
-8.95,5.27638379039804,28.37,2460569.5,0.0,-8.78,2,0.0072,2075,2119
-7.36,5.36628438498694,27.92,2455458.5,0.0,-6.78,36,0.0088,2102,2124
-5.26,17.1284527468264,22.74,2461217.5,0.0,-4.95,5,0.096,2058,2094
-4.1,7.93020931437143,26.44,2459165.5,0.0,-4.1,21,0.017,2083,2104
-5.41,16.4650870027364,25.21,2454822.5,0.0,-4.84,56,0.0309,2052,2120
-6.9,16.9,22.35,2452224.5,0.0,-6.9,1,0.11,2083,2083
-7.73,7.56,25.49,2454601.5,0.0,-7.73,1,0.027,2101,2101
-9.37,9.02,26.73,2457931.5,0.0,-9.37,1,0.015,2110,2110
-5.36,6.14930870226563,24.1,2456344.5,0.0,-5.32,2,0.051,2116,2122
-7.19,10.21,25.4,2461097.5,0.0,-7.19,1,0.028,2093,2093
-6.71,7.67246721486959,28.36,2459561.5,0.0,-6.53,5,0.0072,2067,2111
-8.09,15.5923943346299,30.52,2457445.5,0.0,-8.08,6,0.0027,2036,2118
-4.22,31.8004502200889,24.24,2458642.5,0.0,-4.2,7,0.048,2056,2070
-4.29,10.0402046898311,26.84,2459946.5,0.0,-4.28,11,0.015,2065,2078
-7.02,13.4535322397738,26.68,2459551.5,0.0,-6.73,7,0.016,2068,2118
-8.82,6.77,29.08,2460562.5,0.0,-8.82,1,0.0052,2035,2035
-7.57,11.71,26.67,2461174.5,0.0,-7.3,2,0.016,2119,2124
-7.83,6.54,25.82,2460234.5,0.0,-7.83,1,0.023,2118,2118
-8.06,7.99836563020499,28.92,2460582.5,0.0,-7.87,16,0.0056,2110,2123
-7.72,13.0419822387282,27.88,2459518.5,0.0,-7.19,12,0.009,2075,2119
-6.45,2.0899985217275,26.22,2457578.5,0.0,-6.45,2,0.019,2057,2061
-9.29,9.07638484055004,28.46,2457435.5,0.0,-9.16,3,0.0069,2057,2082
-4.82,7.61003643608991,28.61,2460733.5,0.0,-4.82,40,0.0064,2072,2123
-7.92,8.68933246270531,30.0,2460118.5,0.0,-7.62,3,0.0034,2104,2104
-9.13,9.4,28.65,2460206.5,0.0,-9.13,1,0.0063,2115,2115
-6.82,9.35,27.93,2453062.5,0.0,-6.82,4,0.0088,2111,2116
-5.99,14.4696754634175,25.94,2459635.5,0.0,-5.9,3,0.022,2072,2075
-8.18,9.38967065903317,27.64,2460078.5,0.0,-8.17,2,0.01,2111,2119
-6.59,18.8519643090526,26.86,2455478.5,0.0,-6.28,7,0.014,2072,2091
-5.37,15.775917879738,26.66,2458898.5,0.0,-5.15,39,0.016,2048,2118
-7.65,9.0349805065033,27.36,2460798.5,0.0,-7.57,3,0.011,2090,2110
-8.21,15.2045797024605,27.35,2457483.5,0.0,-8.01,5,0.011,2072,2094
-5.74,7.78921827928444,27.83,2460022.5,0.0,-5.66,9,0.0092,2047,2122
-7.54,14.1368523233609,27.07,2460762.5,0.0,-7.25,3,0.013,2089,2095
-8.36,2.72926480959929,28.52,2456279.5,0.0,-7.84,14,0.0067,2081,2119
-9.35,16.03,28.68,2461096.5,0.0,-9.31,2,0.0062,2084,2084
-6.26,18.7213727222168,21.02,2457134.5,0.0,-6.18,2,0.21,2072,2087
-6.38,9.69286598821887,29.98,2460239.5,0.0,-6.37,2,0.0034,2030,2032
-9.32,11.8274575036425,25.99,2454506.5,0.0,-9.05,2,0.021,2094,2112
-8.77,20.0848065186164,32.53,2458880.5,0.0,-8.69,5,0.0011,2046,2077
-4.18,7.52859669417367,24.34,2451816.5,0.0,-3.71,194,0.0459,2067,2118
-7.6,4.81879204834847,26.61,2459877.5,0.0,-7.18,6,0.016,2101,2118
-7.8,4.5590172705723,27.48,2460976.5,0.0,-7.5,3,0.011,2119,2119
-7.84,11.9955238450538,24.91,2461098.5,0.0,-7.51,3,0.035,2112,2118
-5.53,10.5315599458023,27.66,2457429.5,0.0,-5.5,5,0.0099,2056,2105
-7.14,8.12,24.83,2460150.5,0.0,-7.14,1,0.037,2124,2124
-6.29,9.81666415396196,26.97,2460033.5,0.0,-5.98,16,0.014,2078,2119
-6.39,21.2019881546859,26.7,2455514.5,0.0,-6.38,2,0.015,2053,2072
-6.93,19.0460027890466,25.0,2458288.5,0.0,-6.65,3,0.034,2066,2095
-8.67,15.1856675935634,26.62,2458969.5,0.0,-8.39,4,0.016,2071,2099
-4.45,12.5879472500892,26.63,2460784.5,0.0,-4.41,11,0.016,2072,2124
-6.23,11.2749218044066,28.95,2459854.5,0.0,-5.7,124,0.0055,2049,2125
-6.95,17.6669755668853,26.96,2461008.5,0.0,-6.78,4,0.014,2106,2112
-6.79,21.7775292903274,27.91,2460355.5,0.0,-6.34,11,0.0089,2091,2101
-7.44,10.0580926237387,29.57,2459079.5,0.0,-7.25,12,0.0041,2084,2118
-6.48,4.21978283505384,27.54,2460563.5,0.0,-6.18,9,0.011,2104,2120
-6.93,9.14938302382687,26.54,2456598.5,0.0,-6.48,11,0.017,2091,2121
-8.28,12.9698085419735,29.57,2459811.5,0.0,-7.98,2,0.00408,2046,2095
-5.95,18.5036476086132,28.02,2459516.5,0.0,-5.76,27,0.0084,2038,2110
-5.53,16.2977163509459,25.46,2460237.5,0.0,-5.47,4,0.027,2066,2071
-5.29,9.49614453627411,27.81,2458155.5,0.0,-5.2,19,0.0093,2054,2120
-6.36,12.7901445178416,27.73,2456875.5,0.0,-6.36,9,0.0096,2108,2120
-9.53,2.31,29.48,2460681.5,0.0,-9.53,1,0.0043,2125,2125
-6.83,4.77108751851997,28.19,2461172.5,0.0,-6.15,32,0.0078,2106,2126
-6.22,7.29993479746548,29.36,2460418.5,0.0,-6.02,79,0.0045,2068,2107
-5.94,24.1180193492549,25.96,2459853.5,0.0,-5.71,9,0.022,2090,2116
-6.42,8.82,28.24,2459288.5,0.0,-6.42,1,0.0076,2103,2103
-5.83,11.010019593942,29.5,2461291.5,0.0,-5.8,7,0.0043,2086,2094
-6.37,10.9513806303787,27.73,2456324.5,0.0,-5.96,61,0.0096,2067,2112
-5.98,9.76756621375885,26.41,2454035.5,0.0,-5.63,9,0.018,2099,2119
-8.22,13.2475396743076,25.03,2458142.5,0.0,-8.15,2,0.0332,2095,2116
-3.77,9.73996530175163,26.64,2460935.5,0.0,-3.77,12,0.016,2044,2071
-7.57,8.11895259219744,26.36,2458057.5,0.0,-7.42,4,0.018,2089,2116
