log_impact_probability_prediction,impact_probability_prediction
-8.41516,3.8445e-09
-4.801078,1.5809646e-05
-6.30729,4.928445e-07
-4.705785,1.9688616e-05
-6.734444,1.8431295e-07
-7.6370564,2.3064478e-08
-6.1519823,7.047218e-07
-6.191697,6.431361e-07
-5.5439467,2.8579411e-06
-8.009191,9.790603e-09
-6.045523,9.0048576e-07
-4.3352413,4.621242e-05
-5.6378946,2.3020002e-06
-6.0808563,8.301254e-07
-6.2475176,5.6556485e-07
-4.287285,5.1607778e-05
-5.2130423,6.122908e-06
-4.310938,4.8872225e-05
-3.9083755,0.00012348793
-7.0645742,8.6183825e-08
-5.4868875,3.2592116e-06
-3.7867362,0.0001634044
-8.4579115,3.4840832e-09
-7.839406,1.4474181e-08
-4.5908494,2.5653735e-05
-6.272047,5.3450646e-07
-4.496853,3.1852764e-05
-6.542915,2.8647395e-07
-6.714443,1.9299976e-07
-2.1132786,0.0077040903
-5.3921633,4.053561e-06
-4.9996233,1.0008678e-05
-3.6523104,0.00022268432
-6.288346,5.148185e-07
-7.6309214,2.3392607e-08
-5.2764134,5.291595e-06
-7.895714,1.2714117e-08
-4.7570887,1.7494895e-05
-4.7292395,1.8653509e-05
-6.5794244,2.6337565e-07
-5.589448,2.5736651e-06
-7.442504,3.6099074e-08
-9.684651,2.0670388e-10
-5.273855,5.322857e-06
-4.5155253,3.051228e-05
-6.0074387,9.830177e-07
-7.778344,1.6659266e-08
-6.701682,1.9875493e-07
-6.38888,4.0843244e-07
-4.0998373,7.946259e-05
-7.4253936,3.7549693e-08
-5.757642,1.7472627e-06
-8.47259,3.3682905e-09
-9.58699,2.5882704e-10
-5.2113423,6.1469214e-06
-5.648344,2.2472736e-06
-7.1713085,6.7404905e-08
-7.2781425,5.2705694e-08
-6.1473207,7.1232677e-07
-7.0168805,9.618769e-08
-4.670566,2.1351772e-05
-6.32086,4.7768333e-07
-5.4907446,3.2303933e-06
-3.9725194,0.00010653213
-4.9273596,1.1820624e-05
-4.877887,1.3246869e-05
-4.2529035,5.5859437e-05
-5.445696,3.583473e-06
-5.6774764,2.1014719e-06
-7.1442823,7.173278e-08
-5.4184327,3.815639e-06
-4.2329855,5.848096e-05
-4.173967,6.699357e-05
-7.28177,5.2267264e-08
-5.9320383,1.1693962e-06
-5.7980795,1.5919173e-06
-9.2801285,5.246522e-10
-6.027666,9.382831e-07
-3.9029849,0.00012503026
-4.5510983,2.8112641e-05
-5.158373,6.9442785e-06
-5.9142303,1.2183432e-06
-6.825472,1.4946107e-07
-2.8985484,0.0012631404
-4.3589077,4.376151e-05
-5.921544,1.1979974e-06
-6.3327103,4.6482526e-07
-4.2713985,5.353052e-05
-6.2139487,6.110141e-07
-4.551425,2.8091506e-05
-6.3253856,4.727314e-07
-5.247963,5.649852e-06
-6.3628035,4.337071e-07
-6.434498,3.6770723e-07
-4.9538064,1.1122274e-05
-8.31745,4.8144915e-09
-4.425504,3.7540132e-05
-5.5022426,3.1459906e-06
-5.388436,4.088501e-06
-7.4581184,3.4824232e-08
-5.655567,2.2102063e-06
-5.434148,3.6800368e-06
-4.493757,3.2080654e-05
-4.1708827,6.7471025e-05
-5.545145,2.8500665e-06
-4.0290785,9.352367e-05
-5.9591923,1.0985193e-06
-6.2971525,5.044841e-07
-6.233494,5.8412553e-07
-5.608853,2.4612011e-06
-3.624395,0.000237468
-5.6175222,2.412558e-06
-8.323367,4.7493356e-09
-4.861274,1.3763416e-05
-4.145672,7.150364e-05
-5.485735,3.2678722e-06
-6.9245234,1.18980736e-07
-5.3499207,4.467651e-06
-3.2010822,0.000629387
-6.8120685,1.5414574e-07
-7.280837,5.2379693e-08
-6.7978745,1.5926692e-07
-6.2403793,5.7493753e-07
-6.7965145,1.5976642e-07
-4.275173,5.306728e-05
-4.863986,1.3677729e-05
-3.2680717,0.0005394216
-5.279289,5.256676e-06
-6.7548037,1.7587185e-07
-7.216353,6.07641e-08
-7.091506,8.100167e-08
-5.415313,3.843149e-06
-6.576471,2.651729e-07
-5.0883512,8.159222e-06
-3.8693893,0.00013508611
-4.2328143,5.8504018e-05
-5.0005736,9.9868e-06
-7.1303163,7.407706e-08
-4.415415,3.8422462e-05
-4.4501057,3.5472705e-05
-6.9798846,1.0474068e-07
-4.118614,7.61002e-05
-5.5254583,2.9822336e-06
-6.5540543,2.7921948e-07
-6.247438,5.6566853e-07
-5.236416,5.802086e-06
-3.5321696,0.0002936503
-6.881976,1.3122721e-07
-7.0957804,8.020836e-08
-5.1637115,6.859437e-06
-4.796855,1.596412e-05
-3.1139293,0.0007692557
-7.2141523,6.1072775e-08
-7.3008976,5.0015245e-08
-5.5868692,2.5889924e-06
-5.11426,7.686698e-06
-8.535739,2.9124674e-09
-5.7735524,1.6844091e-06
-6.484091,3.2802672e-07
-3.876937,0.00013275872
-7.6019917,2.5003933e-08
-5.9151316,1.2158175e-06
-4.3573556,4.3918186e-05
-7.0841,8.2394884e-08
-6.883382,1.3080314e-07
-2.3575363,0.0043899915
-4.062061,8.668404e-05
-4.2797866,5.250654e-05
-6.8665752,1.3596426e-07
-5.2451906,5.686033e-06
-7.2639074,5.446187e-08
-5.1475983,7.1187173e-06
-6.0324802,9.279397e-07
-6.5799065,2.6308345e-07
-5.028566,9.363412e-06
-5.586441,2.5915463e-06
-6.709907,1.9502619e-07
-4.772703,1.6877062e-05
-5.8091726,1.5517701e-06
-7.2366123,5.7994615e-08
-5.234701,5.8250394e-06
-6.1359406,7.312392e-07
-5.4315405,3.7021969e-06
-5.084096,8.23956e-06
-5.4441895,3.5959235e-06
-5.96806,1.0763165e-06
-5.210043,6.16534e-06
-8.165846,6.825809e-09
-5.098217,7.97596e-06
-7.987373,1.0295018e-08
-7.159423,6.927509e-08
-8.344681,4.5218815e-09
-4.352068,4.445617e-05
-4.5379395,2.8977469e-05
-5.436549,3.6597448e-06
-4.221122,6.0100516e-05
-3.7262237,0.00018783491
-5.1873274,6.496398e-06
-4.925091,1.1882538e-05
-4.4432893,3.6033853e-05
-4.810424,1.5473059e-05
-6.823434,1.501641e-07
-5.7427526,1.8082042e-06
-4.715562,1.9250327e-05
-7.79058,1.6196463e-08
-4.1667185,6.812108e-05
-7.3925896,4.049584e-08
-4.9388638,1.1511615e-05
-5.182132,6.5745835e-06
-6.959618,1.09744285e-07
-7.616411,2.4187377e-08
-6.038198,9.158029e-07
-8.906477,1.2402894e-09
-4.4748917,3.35049e-05
-7.4325333,3.6937433e-08
-5.374259,4.2241663e-06
-3.0495405,0.0008921944
-6.4339175,3.681989e-07
-5.7037177,1.978255e-06
-5.737669,1.8294941e-06
-6.332443,4.6511116e-07
-4.823215,1.5023979e-05
-6.1846924,6.5359336e-07
-5.021265,9.5221485e-06
-5.8546915,1.3973606e-06
-5.0474052,8.965918e-06
-3.2775288,0.0005278022
-4.4874983,3.2546304e-05
-5.051289,8.886094e-06
-4.336017,4.612994e-05
-6.1501546,7.0769386e-07
-4.381336,4.1558877e-05
-6.6444263,2.2676376e-07
-3.9323654,0.00011685158
-6.807638,1.5572626e-07
-6.7451677,1.7981763e-07
-5.9336834,1.164975e-06
-5.872038,1.3426478e-06
-5.014331,9.675404e-06
-4.2360697,5.8067126e-05
-4.0886497,8.153616e-05
-5.8958564,1.2709944e-06
-6.9804673,1.0460024e-07
-6.7121696,1.9401278e-07
-4.2772555,5.281344e-05
-8.621187,2.3922841e-09
-4.920585,1.2006456e-05
-3.942649,0.0001141172
-5.118223,7.6168744e-06
-5.682385,2.0778539e-06
-5.2300344,5.887971e-06
-5.5185533,3.0300287e-06
-5.289959,5.1290986e-06
-5.927684,1.1811802e-06
-3.3147726,0.00048442595
-3.683271,0.00020736195
-4.0126853,9.7121345e-05
-5.3764815,4.202604e-06
-4.953305,1.1135128e-05
-3.5325518,0.00029339196
-8.088751,8.151718e-09
-4.1020308,7.906226e-05
-6.075385,8.406494e-07
-5.7484407,1.7846755e-06
-4.626667,2.3622888e-05
-4.0658927,8.592258e-05
-4.493437,3.2104297e-05
-7.258545,5.5138518e-08
-6.96327,1.0882528e-07
-5.0143576,9.674809e-06
-5.535301,2.9154044e-06
-4.355517,4.410452e-05
-4.637828,2.3023542e-05
-4.9728518,1.0645063e-05
-6.8157296,1.5285173e-07
-3.9320416,0.000116938725
-5.918433,1.2066097e-06
-3.2215893,0.0006003585
-4.845896,1.4259498e-05
-5.7130494,1.9362017e-06
-3.4831123,0.0003287666
-4.856704,1.3908995e-05
-3.6412635,0.00022842125
-6.735643,1.8380491e-07
-5.6583633,2.1960218e-06
-5.8559446,1.3933344e-06
-6.326576,4.7143712e-07
-4.1409035,7.229304e-05
-5.474148,3.3562337e-06
-5.2718277,5.3477647e-06
-4.273185,5.3310803e-05
-5.8775773,1.3256312e-06
-6.1553345,6.993032e-07
-6.2154226,6.08944e-07
-6.0789514,8.3377455e-07
-4.1809826,6.592003e-05
-7.303667,4.9697316e-08
-3.9965763,0.00010079145
-6.626789,2.3616248e-07
-5.526993,2.9717153e-06
-5.478956,3.3192791e-06
-5.5311737,2.9432442e-06
-5.1192703,7.5985317e-06
-4.278549,5.2656356e-05
-6.9042635,1.2466269e-07
-4.5514593,2.8089285e-05
-4.837551,1.4536133e-05
-4.0548143,8.814256e-05
-4.4043536,3.9413622e-05
-6.61843,2.4075197e-07
-6.630344,2.3423732e-07
-4.151286,7.0585236e-05
-7.4741993,3.3558358e-08
-6.093045,8.0715097e-07
-5.0569515,8.770987e-06
-4.4725046,3.3689565e-05
-4.480548,3.3071363e-05
-6.792533,1.6123788e-07
-9.371186,4.2541592e-10
-6.112765,7.71321e-07
-5.6023455,2.4983574e-06
-4.0999327,7.944514e-05
-4.6100645,2.4543444e-05
-4.9865475,1.0314604e-05
-5.67733,2.1021804e-06
-4.2962255,5.0556202e-05
-4.4200125,3.8017846e-05
-3.9033911,0.00012491335
-6.039466,9.1313314e-07
-3.7955089,0.0001601368
-5.7386646,1.8253047e-06
-6.368813,4.2774698e-07
-5.526535,2.9748492e-06
-6.0551667,8.8071073e-07
-6.797807,1.5929157e-07
-6.865284,1.3636911e-07
-5.5863442,2.592124e-06
-6.314673,4.845371e-07
-7.165496,6.831312e-08
-5.2893496,5.136301e-06
-10.117948,7.62171e-11
-5.1282644,7.4427867e-06
-7.6199574,2.399068e-08
-3.3328278,0.0004646995
-5.311063,4.885817e-06
-5.9708476,1.0694301e-06
-3.9768968,0.00010546376
-6.716095,1.9226712e-07
-4.4036083,3.948132e-05
-8.14416,7.1752946e-09
-3.9708304,0.000106947235
-5.308343,4.9165114e-06
-3.1549644,0.0006998993
-6.356593,4.399536e-07
-5.008301,9.810682e-06
-6.550867,2.8127613e-07
-7.4885297,3.2469103e-08
-8.251649,5.6021032e-09
-5.3144665,4.847675e-06
-4.5311084,2.943687e-05
-5.9477243,1.127913e-06
-4.426361,3.7466136e-05
-3.2717977,0.0005348135
-5.8144407,1.5330604e-06
-3.3647757,0.00043174205
-4.8993187,1.2609019e-05
-6.848362,1.4178752e-07
-8.519012,3.0268266e-09
-7.780603,1.6572844e-08
-7.3387523,4.584033e-08
-4.372194,4.244301e-05
-5.287665,5.156264e-06
-5.8566685,1.391014e-06
-5.5841413,2.605306e-06
-4.588987,2.5763991e-05
-5.8564796,1.391619e-06
-4.9330597,1.1666493e-05
-4.371839,4.2477695e-05
-5.590524,2.5672953e-06
-7.522752,3.000877e-08
-5.2157354,6.0850557e-06
-6.2946525,5.073966e-07
-5.0477047,8.959738e-06
-8.543276,2.8623595e-09
-5.523246,2.9974653e-06
-4.922222,1.1961286e-05
-9.093348,8.065893e-10
-5.293213,5.090813e-06
-5.9708757,1.0693608e-06
-4.021209,9.523382e-05
-6.5104804,3.0868787e-07
-3.6709912,0.00021330883
-5.0159616,9.639141e-06
-3.5500925,0.00028177828
-7.762913,1.7261828e-08
-6.203466,6.25942e-07
-4.4538774,3.5165966e-05
-6.5375404,2.900411e-07
-7.073961,8.434109e-08
-3.8923533,0.00012812878
-7.366718,4.298156e-08
-3.9966798,0.00010076744
-3.5980697,0.0002523076
-5.3430367,4.539033e-06
-8.392124,4.053926e-09
-5.4860153,3.265763e-06
-6.9003468,1.2579206e-07
-5.513811,3.0632955e-06
-4.871386,1.3446645e-05
-8.355534,4.4102824e-09
-6.9055233,1.243016e-07
-6.2996535,5.015872e-07
-5.7180367,1.9140944e-06
-8.142086,7.2096467e-09
-3.8711796,0.0001345304
-4.855918,1.3934201e-05
-5.699048,1.9996405e-06
-4.8407884,1.4428183e-05
-6.2650166,5.432296e-07
-5.50006,3.1618401e-06
-6.804281,1.5693463e-07
-7.8859916,1.3001948e-08
-7.7412033,1.814666e-08
-6.8971615,1.2671805e-07
-5.631912,2.3339296e-06
-4.622327,2.3860148e-05
-7.234979,5.8213114e-08
-7.1000814,7.941793e-08
-4.86119,1.3766076e-05
-5.9993067,1.0015976e-06
-3.1660929,0.0006821928
-4.7570543,1.7496277e-05
-8.1336155,7.3516446e-09
-7.122113,7.548954e-08
-8.294879,5.0713203e-09
-5.418641,3.8138087e-06
-6.821046,1.5099207e-07
-4.698433,2.0024749e-05
-6.2626762,5.4616487e-07
-5.319217,4.7949356e-06
-3.3207364,0.00047781918
-5.81077,1.5460729e-06
-7.5646377,2.7249738e-08
-6.404471,3.940298e-07
-6.8971157,1.2673141e-07
-5.422714,3.7782072e-06
-5.8245897,1.4976498e-06
-5.8463984,1.4243006e-06
-7.3613296,4.3518153e-08
-2.8160784,0.0015272902
-5.347309,4.494598e-06
-6.901063,1.2558478e-07
-5.0937223,8.058934e-06
-5.472904,3.365858e-06
-6.4164724,3.8329006e-07
-5.443246,3.6037454e-06
-4.382458,4.1451647e-05
-6.1057405,7.838978e-07
-6.586767,2.5896006e-07
-4.7754436,1.6770904e-05
-6.324131,4.7409895e-07
-5.752626,1.7675595e-06
-7.603344,2.4926198e-08
-8.197329,6.348505e-09
-4.784553,1.642279e-05
-8.452248,3.5298187e-09
-6.425802,3.751438e-07
-3.7817152,0.00016530456
-5.9987106,1.0029732e-06
-6.054868,8.813163e-07
-7.203005,6.266069e-08
-4.0845895,8.230203e-05
-6.782496,1.6500763e-07
-4.7489576,1.7825525e-05
-6.186714,6.505577e-07
-6.728613,1.868044e-07
-7.563554,2.731783e-08
-4.148967,7.09632e-05
-3.7749662,0.00016789345
-5.81874,1.5179593e-06
-4.946109,1.1321167e-05
-4.7420774,1.8110175e-05
-4.7410297,1.8153913e-05
-5.6791134,2.0935659e-06
-6.2018414,6.2828786e-07
-4.4139304,3.855401e-05
-5.316494,4.8250963e-06
-3.871057,0.00013456837
-4.7850304,1.640475e-05
-6.8710203,1.3457974e-07
-4.5093403,3.0949934e-05
-3.187579,0.0006492637
-5.239519,5.760775e-06
-4.598419,2.5210462e-05
-4.2715907,5.350684e-05
-3.7543712,0.00017604708
-4.946415,1.131319e-05
-7.845455,1.4273971e-08
-3.3937562,0.00040387208
-6.390459,4.069499e-07
